product_key,batch_number,expiry_date,quantity,unit_cost
PVN4197,TON-DAU-SAPO,2030-12-31,60,8000
PVN4196,TON-DAU-SAPO,2030-12-31,100,10000
PVN4195,TON-DAU-SAPO,2030-12-31,30,15000
PVN4194,TON-DAU-SAPO,2030-12-31,100,6000
PVN4193,TON-DAU-SAPO,2030-12-31,15,15400
PVN4192,TON-DAU-SAPO,2030-12-31,1,0
PVN4191,TON-DAU-SAPO,2030-12-31,10,22514.705
PVN4190,TON-DAU-SAPO,2030-12-31,11,45000
PVN4189,TON-DAU-SAPO,2030-12-31,5,145000
PVN4188,TON-DAU-SAPO,2030-12-31,6,38500
PVN4187,TON-DAU-SAPO,2030-12-31,7,22000
PVN4186,TON-DAU-SAPO,2030-12-31,5,230000
PVN4185,TON-DAU-SAPO,2030-12-31,9,10000
PVN4184,TON-DAU-SAPO,2030-12-31,9,7000
PVN4183,TON-DAU-SAPO,2030-12-31,4,10000
PVN4181,TON-DAU-SAPO,2030-12-31,11,15247.525
PVN4180,TON-DAU-SAPO,2030-12-31,19,11435.644
PVN4178,TON-DAU-SAPO,2030-12-31,6,267500
PVN4177,TON-DAU-SAPO,2030-12-31,27,5500
PVN4176,TON-DAU-SAPO,2030-12-31,3,265000
PVN4175,TON-DAU-SAPO,2030-12-31,14,44000
PVN4174,TON-DAU-SAPO,2030-12-31,56,2500
PVN4173,TON-DAU-SAPO,2030-12-31,80,3250
PVN4172,TON-DAU-SAPO,2030-12-31,5,195000
PVN4171,TON-DAU-SAPO,2030-12-31,1,0
PVN4170,TON-DAU-SAPO,2030-12-31,18,0
PVN4169,TON-DAU-SAPO,2030-12-31,260,5640.691
PVN4168,TON-DAU-SAPO,2030-12-31,1,255000
PVN4167,TON-DAU-SAPO,2030-12-31,3,100000
PVN4166,TON-DAU-SAPO,2030-12-31,8,2000
PVN4165,TON-DAU-SAPO,2030-12-31,12,40000
PVN4164,TON-DAU-SAPO,2030-12-31,5,35000
PVN4161,TON-DAU-SAPO,2030-12-31,13,22700
PVN4160,TON-DAU-SAPO,2030-12-31,1,0
PVN4159,TON-DAU-SAPO,2030-12-31,1,0
PVN4158,TON-DAU-SAPO,2030-12-31,2,92000
PVN4157,TON-DAU-SAPO,2030-12-31,2,93177.142
PVN4156,TON-DAU-SAPO,2030-12-31,9,26000
PVN4155,TON-DAU-SAPO,2030-12-31,1,285000
PVN4154,TON-DAU-SAPO,2030-12-31,115,3000
PVN4153,TON-DAU-SAPO,2030-12-31,3,250000
PVN4152,TON-DAU-SAPO,2030-12-31,4,55000
PVN4151,TON-DAU-SAPO,2030-12-31,1,60000
PVN4150,TON-DAU-SAPO,2030-12-31,3,60000
PVN4149,TON-DAU-SAPO,2030-12-31,28,15000
PVN4148,TON-DAU-SAPO,2030-12-31,30,2667
PVN4146,TON-DAU-SAPO,2030-12-31,4,45000
PVN4145,TON-DAU-SAPO,2030-12-31,4,137500
PVN4144,TON-DAU-SAPO,2030-12-31,30,26666.667
PVN4142,TON-DAU-SAPO,2030-12-31,3,0
PVN4141,TON-DAU-SAPO,2030-12-31,13,24300
PVN4140,TON-DAU-SAPO,2030-12-31,80,11149.8125
PVN4139,TON-DAU-SAPO,2030-12-31,27,13032.258
PVN4138,TON-DAU-SAPO,2030-12-31,3,430000
PVN4137,TON-DAU-SAPO,2030-12-31,38,11500
PVN4134,TON-DAU-SAPO,2030-12-31,22,20000
PVN4133,TON-DAU-SAPO,2030-12-31,5,21500
PVN4132,TON-DAU-SAPO,2030-12-31,7,21500
PVN4130,TON-DAU-SAPO,2030-12-31,7,20400
PVN4129,TON-DAU-SAPO,2030-12-31,1,60000
PVN4128,TON-DAU-SAPO,2030-12-31,2,50000
PVN4126,TON-DAU-SAPO,2030-12-31,1,0
PVN4124,TON-DAU-SAPO,2030-12-31,1,95000
PVN4123,TON-DAU-SAPO,2030-12-31,1,155000
PVN4122,TON-DAU-SAPO,2030-12-31,13,48600
PVN4121,TON-DAU-SAPO,2030-12-31,5.8,35000
PVN4120,TON-DAU-SAPO,2030-12-31,3,40000
PVN4119,TON-DAU-SAPO,2030-12-31,18,36533.9905
PVN4118,TON-DAU-SAPO,2030-12-31,1,150000
PVN4117,TON-DAU-SAPO,2030-12-31,20,8463.441
PVN4116,TON-DAU-SAPO,2030-12-31,10,32300
PVN4115,TON-DAU-SAPO,2030-12-31,1,580000
PVN4114,TON-DAU-SAPO,2030-12-31,22,6000
PVN4113,TON-DAU-SAPO,2030-12-31,1,0
PVN4112,TON-DAU-SAPO,2030-12-31,6,78000
PVN4111,TON-DAU-SAPO,2030-12-31,6,18600
PVN4110,TON-DAU-SAPO,2030-12-31,16,6000
PVN4109,TON-DAU-SAPO,2030-12-31,2,125000
PVN4108,TON-DAU-SAPO,2030-12-31,13,8800
PVN4107,TON-DAU-SAPO,2030-12-31,36,12416
PVN4105,TON-DAU-SAPO,2030-12-31,1,107812.5
PVN4104,TON-DAU-SAPO,2030-12-31,5,120000
PVN4103,TON-DAU-SAPO,2030-12-31,25,0
PVN4102,TON-DAU-SAPO,2030-12-31,7,7833
PVN4100,TON-DAU-SAPO,2030-12-31,1,0
PVN4099,TON-DAU-SAPO,2030-12-31,10,0
PVN4098,TON-DAU-SAPO,2030-12-31,10,105769.231
PVN4096,TON-DAU-SAPO,2030-12-31,30,20000
PVN4094,TON-DAU-SAPO,2030-12-31,37,4329.7294
PVN4095,TON-DAU-SAPO,2030-12-31,1.2333,128000
PVN4089,TON-DAU-SAPO,2030-12-31,3,14037.529
PVN4086,TON-DAU-SAPO,2030-12-31,4,0
PVN4085,TON-DAU-SAPO,2030-12-31,1,50500
PVN4084,TON-DAU-SAPO,2030-12-31,8,10000
PVN4083,TON-DAU-SAPO,2030-12-31,1,3500
PVN4082,TON-DAU-SAPO,2030-12-31,3,11000
PVN4080,TON-DAU-SAPO,2030-12-31,4,9500
PVN4079,TON-DAU-SAPO,2030-12-31,2,43287.037
PVN4076,TON-DAU-SAPO,2030-12-31,1,0
PVN4074,TON-DAU-SAPO,2030-12-31,1,0
PVN4073,TON-DAU-SAPO,2030-12-31,1,0
PVN4071,TON-DAU-SAPO,2030-12-31,1,60000
PVN4070,TON-DAU-SAPO,2030-12-31,6,253846.153
PVN4069,TON-DAU-SAPO,2030-12-31,3,8700
PVN4067,TON-DAU-SAPO,2030-12-31,24,11583.3333
PVN4066,TON-DAU-SAPO,2030-12-31,2,216666.666
PVN4065,TON-DAU-SAPO,2030-12-31,10,20000
PVN4064,TON-DAU-SAPO,2030-12-31,240,5193.997
PVN4063,TON-DAU-SAPO,2030-12-31,6,68000
PVN4062,TON-DAU-SAPO,2030-12-31,1,483000
PVN4061,TON-DAU-SAPO,2030-12-31,5,116343.496
PVN4059,TON-DAU-SAPO,2030-12-31,3,17200
PVN4057,TON-DAU-SAPO,2030-12-31,6,40745.721
PVN4056,TON-DAU-SAPO,2030-12-31,10,14800
PVN4055,TON-DAU-SAPO,2030-12-31,21,4680
PVN4054,TON-DAU-SAPO,2030-12-31,3,39000
PVN4053,TON-DAU-SAPO,2030-12-31,3,0
PVN4052,TON-DAU-SAPO,2030-12-31,1,4988.2486
PVN4051,TON-DAU-SAPO,2030-12-31,367,3901.6282
PVN4050,TON-DAU-SAPO,2030-12-31,5,16615.385
PVN4048,TON-DAU-SAPO,2030-12-31,4,5000
PVN4045,TON-DAU-SAPO,2030-12-31,5,34000
PVN4044,TON-DAU-SAPO,2030-12-31,8,28000
PVN4043,TON-DAU-SAPO,2030-12-31,84,7500
PVN4040,TON-DAU-SAPO,2030-12-31,20,4431.736
PVN4039,TON-DAU-SAPO,2030-12-31,40,4509.902
PVN4038,TON-DAU-SAPO,2030-12-31,6,9500
PVN4032,TON-DAU-SAPO,2030-12-31,1,130000
PVN4031,TON-DAU-SAPO,2030-12-31,16,0
PVN4030,TON-DAU-SAPO,2030-12-31,8,19340
PVN4029,TON-DAU-SAPO,2030-12-31,3,115000
PVN4028,TON-DAU-SAPO,2030-12-31,20,2900
PVN4026,TON-DAU-SAPO,2030-12-31,1,0
PVN4022,TON-DAU-SAPO,2030-12-31,1,0
PVN4020,TON-DAU-SAPO,2030-12-31,1,22000
PVN4019,TON-DAU-SAPO,2030-12-31,1,150000
PVN4018,TON-DAU-SAPO,2030-12-31,2,0
PVN4017,TON-DAU-SAPO,2030-12-31,1,0
PVN4016,TON-DAU-SAPO,2030-12-31,2,0
PVN4013,TON-DAU-SAPO,2030-12-31,16,17500
PVN4012,TON-DAU-SAPO,2030-12-31,6,27000
PVN4011,TON-DAU-SAPO,2030-12-31,36,1186.031
PVN4008,TON-DAU-SAPO,2030-12-31,10,5000
PVN4006,TON-DAU-SAPO,2030-12-31,1,0
PVN4005,TON-DAU-SAPO,2030-12-31,80,3829.29
PVN4003,TON-DAU-SAPO,2030-12-31,1,19500
PVN4002,TON-DAU-SAPO,2030-12-31,10,5200
PVN4001,TON-DAU-SAPO,2030-12-31,26,9800
PVN4000,TON-DAU-SAPO,2030-12-31,60,0
PVN3999,TON-DAU-SAPO,2030-12-31,25,49003.3943
PVN3998,TON-DAU-SAPO,2030-12-31,21,18986.4978
PVN3996,TON-DAU-SAPO,2030-12-31,4,78000
PVN3995,TON-DAU-SAPO,2030-12-31,36,0
PVN3994,TON-DAU-SAPO,2030-12-31,1,45454.54
PVN3993,TON-DAU-SAPO,2030-12-31,2,25000
PVN3990,TON-DAU-SAPO,2030-12-31,4,35800
PVN3989,TON-DAU-SAPO,2030-12-31,23,19200
PVN3988,TON-DAU-SAPO,2030-12-31,140,2800
PVN3987,TON-DAU-SAPO,2030-12-31,7,56667
PVN3986,TON-DAU-SAPO,2030-12-31,10,3650
PVN3985,TON-DAU-SAPO,2030-12-31,10,3150
PVN3984,TON-DAU-SAPO,2030-12-31,121,3400
PVN3981,TON-DAU-SAPO,2030-12-31,24,5200
PVN3979,TON-DAU-SAPO,2030-12-31,12,35000
PVN3977,TON-DAU-SAPO,2030-12-31,25,8000
PVN3975,TON-DAU-SAPO,2030-12-31,70,4800
PVN3974,TON-DAU-SAPO,2030-12-31,1,105000
PVN3968,TON-DAU-SAPO,2030-12-31,10,30000
PVN3967,TON-DAU-SAPO,2030-12-31,1,0
PVN3966,TON-DAU-SAPO,2030-12-31,28,6000
PVN3965,TON-DAU-SAPO,2030-12-31,8,3000
PVN3964,TON-DAU-SAPO,2030-12-31,22,3200
PVN3963,TON-DAU-SAPO,2030-12-31,2,30037.09
PVN3962,TON-DAU-SAPO,2030-12-31,3,0
PVN3960,TON-DAU-SAPO,2030-12-31,10,24986.0129
PVN3959,TON-DAU-SAPO,2030-12-31,20,28672.114
PVN3954,TON-DAU-SAPO,2030-12-31,5,0
PVN3953,TON-DAU-SAPO,2030-12-31,55,6150
PVN3952,TON-DAU-SAPO,2030-12-31,2,3300
PVN3950,TON-DAU-SAPO,2030-12-31,2,38282.739
PVN3949,TON-DAU-SAPO,2030-12-31,1,33614.04
PVN3947,TON-DAU-SAPO,2030-12-31,8,58500
PVN3946,TON-DAU-SAPO,2030-12-31,20,20000
PVN3945,TON-DAU-SAPO,2030-12-31,9,45000
PVN3939,TON-DAU-SAPO,2030-12-31,2,28500
PVN3938,TON-DAU-SAPO,2030-12-31,20,3600
PVN3932,TON-DAU-SAPO,2030-12-31,3,38000
PVN3931,TON-DAU-SAPO,2030-12-31,30,68000
PVN3930,TON-DAU-SAPO,2030-12-31,3,175000
PVN3929,TON-DAU-SAPO,2030-12-31,2,0
PVN3927,TON-DAU-SAPO,2030-12-31,10,3000
PVN3928,TON-DAU-SAPO,2030-12-31,1,30000
PVN3921,TON-DAU-SAPO,2030-12-31,3,24367.1067
PVN3920,TON-DAU-SAPO,2030-12-31,10,6987.5
PVN3917,TON-DAU-SAPO,2030-12-31,2,53750
PVN3916,TON-DAU-SAPO,2030-12-31,4,115000
PVN3914,TON-DAU-SAPO,2030-12-31,2,265000
PVN3915,TON-DAU-SAPO,2030-12-31,1,530000
PVN3910,TON-DAU-SAPO,2030-12-31,3,70500
PVN3909,TON-DAU-SAPO,2030-12-31,198,2000
PVN3908,TON-DAU-SAPO,2030-12-31,4,72068.6918
PVN3906,TON-DAU-SAPO,2030-12-31,21,400
PVN3907,TON-DAU-SAPO,2030-12-31,0.6176,13600
PVN3905,TON-DAU-SAPO,2030-12-31,4,65000
PVN3904,TON-DAU-SAPO,2030-12-31,1,70000
PVN3903,TON-DAU-SAPO,2030-12-31,4,270000
PVN3901,TON-DAU-SAPO,2030-12-31,13,30000
PVN3899,TON-DAU-SAPO,2030-12-31,255,3339.2219
PVN3900,TON-DAU-SAPO,2030-12-31,12.75,68060
PVN3897,TON-DAU-SAPO,2030-12-31,5,14500
PVN3898,TON-DAU-SAPO,2030-12-31,0.5,145000
PVN3891,TON-DAU-SAPO,2030-12-31,120,4980.3562
PVN3892,TON-DAU-SAPO,2030-12-31,10,60000
PVN3888,TON-DAU-SAPO,2030-12-31,4,8166.657
PVN3889,TON-DAU-SAPO,2030-12-31,0.3333,98000
PVN3883,TON-DAU-SAPO,2030-12-31,16,2464.012
PVN3878,TON-DAU-SAPO,2030-12-31,9,22225
PVN3879,TON-DAU-SAPO,2030-12-31,2.25,88900
PVN3876,TON-DAU-SAPO,2030-12-31,80,4286
PVN3868,TON-DAU-SAPO,2030-12-31,6,12785.0623
PVN3869,TON-DAU-SAPO,2030-12-31,2,40000
PVN3863,TON-DAU-SAPO,2030-12-31,2,220000
PVN3859,TON-DAU-SAPO,2030-12-31,4,220000
PVN3855,TON-DAU-SAPO,2030-12-31,11,27000
PVN3854,TON-DAU-SAPO,2030-12-31,1,16289.92
PVN3852,TON-DAU-SAPO,2030-12-31,5,54200
PVN3851,TON-DAU-SAPO,2030-12-31,1,0
PVN3849,TON-DAU-SAPO,2030-12-31,140,6000
PVN3847,TON-DAU-SAPO,2030-12-31,2,94000
PVN3843,TON-DAU-SAPO,2030-12-31,1,35000
PVN3841,TON-DAU-SAPO,2030-12-31,36,7308.0153
PVN3839,TON-DAU-SAPO,2030-12-31,3,70000
PVN3838,TON-DAU-SAPO,2030-12-31,0.75,5223.7728
8936031641405,TON-DAU-SAPO,2030-12-31,8,100000
PVN3832,TON-DAU-SAPO,2030-12-31,20,4000
PVN3830,TON-DAU-SAPO,2030-12-31,3,194400
PVN3829,TON-DAU-SAPO,2030-12-31,2,233673
PVN3828,TON-DAU-SAPO,2030-12-31,6,270000
PVN3826,TON-DAU-SAPO,2030-12-31,1,10000
PVN3825,TON-DAU-SAPO,2030-12-31,1,0
PVN3819,TON-DAU-SAPO,2030-12-31,1,260000
PVN3816,TON-DAU-SAPO,2030-12-31,36,12000
PVN3817,TON-DAU-SAPO,2030-12-31,3.6,120000
PVN3804,TON-DAU-SAPO,2030-12-31,20,0
PVN3805,TON-DAU-SAPO,2030-12-31,1,0
PVN3803,TON-DAU-SAPO,2030-12-31,3,119999.9987
PVN3798,TON-DAU-SAPO,2030-12-31,6,72860
PVN3797,TON-DAU-SAPO,2030-12-31,1,0
PVN3788,TON-DAU-SAPO,2030-12-31,2,145000
PVN3784,TON-DAU-SAPO,2030-12-31,2,0
PVN3785,TON-DAU-SAPO,2030-12-31,0.2,0
PVN3778,TON-DAU-SAPO,2030-12-31,5,19500
PVN3776,TON-DAU-SAPO,2030-12-31,1,16016.9598
PVN3777,TON-DAU-SAPO,2030-12-31,0.3333,48000
PVN3768,TON-DAU-SAPO,2030-12-31,1,0
PVN3763,TON-DAU-SAPO,2030-12-31,2,0
PVN3762,TON-DAU-SAPO,2030-12-31,1,0
PVN3760,TON-DAU-SAPO,2030-12-31,2,0
PVN3758,TON-DAU-SAPO,2030-12-31,4,0
PVN3759,TON-DAU-SAPO,2030-12-31,1,0
PVN3752,TON-DAU-SAPO,2030-12-31,1,53550
PVN3753,TON-DAU-SAPO,2030-12-31,0.3333,160650
PVN3750,TON-DAU-SAPO,2030-12-31,1,31250
PVN3751,TON-DAU-SAPO,2030-12-31,0.3333,93750
PVN3746,TON-DAU-SAPO,2030-12-31,2,93819.355
PVN3737,TON-DAU-SAPO,2030-12-31,4,13129.257
PVN3738,TON-DAU-SAPO,2030-12-31,0.6667,80514
PVN3732,TON-DAU-SAPO,2030-12-31,1,69367.262
PVN3730,TON-DAU-SAPO,2030-12-31,1,64741.037
PVN3728,TON-DAU-SAPO,2030-12-31,3,60000
PVN3725,TON-DAU-SAPO,2030-12-31,4,66666.667
PVN3722,TON-DAU-SAPO,2030-12-31,4,16384.614
PVN3712,TON-DAU-SAPO,2030-12-31,43,15059.0996
PVN3711,TON-DAU-SAPO,2030-12-31,1,114000
PVN3710,TON-DAU-SAPO,2030-12-31,2,0
PVN3708,TON-DAU-SAPO,2030-12-31,3,42000
PVN3709,TON-DAU-SAPO,2030-12-31,1.5,84000
PVN3695,TON-DAU-SAPO,2030-12-31,1,120000
PVN3694,TON-DAU-SAPO,2030-12-31,4,281000
PVN3692,TON-DAU-SAPO,2030-12-31,2,183270.1975
PVN3684,TON-DAU-SAPO,2030-12-31,1,0
PVN3682,TON-DAU-SAPO,2030-12-31,1,69000
PVN3680,TON-DAU-SAPO,2030-12-31,1,60000
PVN3677,TON-DAU-SAPO,2030-12-31,1,345000
PVN3676,TON-DAU-SAPO,2030-12-31,1,66000
PVN3674,TON-DAU-SAPO,2030-12-31,9,0
PVN3670,TON-DAU-SAPO,2030-12-31,3,23500
PVN3671,TON-DAU-SAPO,2030-12-31,1.5,47000
PVN3667,TON-DAU-SAPO,2030-12-31,19,7629.223
PVN3662,TON-DAU-SAPO,2030-12-31,5,25000
PVN3663,TON-DAU-SAPO,2030-12-31,1.6667,75000
PVN3661,TON-DAU-SAPO,2030-12-31,2,53324.1
PVN3660,TON-DAU-SAPO,2030-12-31,8,120000
PVN3653,TON-DAU-SAPO,2030-12-31,96,4250
PVN3652,TON-DAU-SAPO,2030-12-31,8,68666.6663
PVN3650,TON-DAU-SAPO,2030-12-31,1,5400
PVN3651,TON-DAU-SAPO,2030-12-31,0.1,54000
PVN3647,TON-DAU-SAPO,2030-12-31,20,1447.62
PVN3648,TON-DAU-SAPO,2030-12-31,1,33000
PVN3645,TON-DAU-SAPO,2030-12-31,8,227075.5659
PVN3642,TON-DAU-SAPO,2030-12-31,25,6394.2028
PVN3643,TON-DAU-SAPO,2030-12-31,1.25,128000
PVN3640,TON-DAU-SAPO,2030-12-31,772,430
PVN3636,TON-DAU-SAPO,2030-12-31,1,42800
PVN3634,TON-DAU-SAPO,2030-12-31,1,0
PVN3633,TON-DAU-SAPO,2030-12-31,11,6670.5755
PVN3629,TON-DAU-SAPO,2030-12-31,9,14450
PVN3630,TON-DAU-SAPO,2030-12-31,3,43350
PVN3623,TON-DAU-SAPO,2030-12-31,50,4000
PVN3624,TON-DAU-SAPO,2030-12-31,2.5,80000
PVN3617,TON-DAU-SAPO,2030-12-31,2,183129.963
PVN3612,TON-DAU-SAPO,2030-12-31,1,55348.845
PVN3610,TON-DAU-SAPO,2030-12-31,1,334000
PVN3609,TON-DAU-SAPO,2030-12-31,1,141000
PVN3608,TON-DAU-SAPO,2030-12-31,10,4125
PVN3602,TON-DAU-SAPO,2030-12-31,66,4878.5674
PVN3603,TON-DAU-SAPO,2030-12-31,3.3,101900
PVN3594,TON-DAU-SAPO,2030-12-31,1,275000
PVN3590,TON-DAU-SAPO,2030-12-31,26,7229.7717
PVN3591,TON-DAU-SAPO,2030-12-31,8.6667,23000
PVN3587,TON-DAU-SAPO,2030-12-31,1,22000
PVN3586,TON-DAU-SAPO,2030-12-31,3,42000
PVN3583,TON-DAU-SAPO,2030-12-31,62,6832.6089
PVN3584,TON-DAU-SAPO,2030-12-31,6.2,70000
PVN3582,TON-DAU-SAPO,2030-12-31,19,4999.9878
PVN3566,TON-DAU-SAPO,2030-12-31,19,9076.006
PVN3565,TON-DAU-SAPO,2030-12-31,1,750000
PVN3562,TON-DAU-SAPO,2030-12-31,1,380000
PVN3559,TON-DAU-SAPO,2030-12-31,2,220000
PVN3553,TON-DAU-SAPO,2030-12-31,9,6451.038
PVN3552,TON-DAU-SAPO,2030-12-31,1,985000
PVN3551,TON-DAU-SAPO,2030-12-31,3,20967.773
PVN3548,TON-DAU-SAPO,2030-12-31,2,57205
PVN3540,TON-DAU-SAPO,2030-12-31,1,0
PVN3532,TON-DAU-SAPO,2030-12-31,2,137000
PVN3525,TON-DAU-SAPO,2030-12-31,15,30000
PVN3526,TON-DAU-SAPO,2030-12-31,7.5,60000
PVN3521,TON-DAU-SAPO,2030-12-31,1,216000
PVN3519,TON-DAU-SAPO,2030-12-31,95,7599.9906
PVN3520,TON-DAU-SAPO,2030-12-31,9.5,76000
PVN3516,TON-DAU-SAPO,2030-12-31,2,4132.051
PVN3517,TON-DAU-SAPO,2030-12-31,0.2,42840
PVN3515,TON-DAU-SAPO,2030-12-31,1,195000
PVN3511,TON-DAU-SAPO,2030-12-31,12,58000
PVN3508,TON-DAU-SAPO,2030-12-31,3,31300
PVN3509,TON-DAU-SAPO,2030-12-31,1.5,62600
PVN3502,TON-DAU-SAPO,2030-12-31,12,16666.9967
PVN3503,TON-DAU-SAPO,2030-12-31,3,66668
PVN3498,TON-DAU-SAPO,2030-12-31,15,6250
PVN4010,TON-DAU-SAPO,2030-12-31,0.75,125000
PVN3486,TON-DAU-SAPO,2030-12-31,2,195000
PVN3481,TON-DAU-SAPO,2030-12-31,2,64000
PVN3482,TON-DAU-SAPO,2030-12-31,0.2,640000
PVN3480,TON-DAU-SAPO,2030-12-31,1,114650
PVN3479,TON-DAU-SAPO,2030-12-31,1,195000
PVN3471,TON-DAU-SAPO,2030-12-31,3,119333.3333
PVN3470,TON-DAU-SAPO,2030-12-31,2,83125.976
PVN3465,TON-DAU-SAPO,2030-12-31,2,162785.985
PVN3464,TON-DAU-SAPO,2030-12-31,1,25000
PVN3461,TON-DAU-SAPO,2030-12-31,2,15000
PVN3457,TON-DAU-SAPO,2030-12-31,6,0
PVN3456,TON-DAU-SAPO,2030-12-31,20,0
PVN3446,TON-DAU-SAPO,2030-12-31,1,91250
PVN3447,TON-DAU-SAPO,2030-12-31,0.25,365000
PVN3445,TON-DAU-SAPO,2030-12-31,2,214440
PVN3441,TON-DAU-SAPO,2030-12-31,2,0
PVN3436,TON-DAU-SAPO,2030-12-31,1,6500
PVN3437,TON-DAU-SAPO,2030-12-31,0.1,65000
PVN3435,TON-DAU-SAPO,2030-12-31,1,235000
PVN3430,TON-DAU-SAPO,2030-12-31,4,30000
PVN3429,TON-DAU-SAPO,2030-12-31,15,14000
PVN3428,TON-DAU-SAPO,2030-12-31,1,26839.705
PVN3423,TON-DAU-SAPO,2030-12-31,24,7000
PVN3419,TON-DAU-SAPO,2030-12-31,23,5500
PVN3420,TON-DAU-SAPO,2030-12-31,2.3,55000
PVN3417,TON-DAU-SAPO,2030-12-31,35.5,8733.3698
PVN3418,TON-DAU-SAPO,2030-12-31,11.8333,26932
PVN3416,TON-DAU-SAPO,2030-12-31,2,58817.171
PVN3408,TON-DAU-SAPO,2030-12-31,2,50924.315
PVN3403,TON-DAU-SAPO,2030-12-31,100,1000
PVN3402,TON-DAU-SAPO,2030-12-31,3,0
PVN3400,TON-DAU-SAPO,2030-12-31,4,7000
PVN3401,TON-DAU-SAPO,2030-12-31,2,14000
PVN3397,TON-DAU-SAPO,2030-12-31,11,800
PVN3398,TON-DAU-SAPO,2030-12-31,0.22,40000
PVN3388,TON-DAU-SAPO,2030-12-31,13,27457.1824
PVN3387,TON-DAU-SAPO,2030-12-31,1,0
PVN3386,TON-DAU-SAPO,2030-12-31,1,225000
PVN3384,TON-DAU-SAPO,2030-12-31,2,173333.333
PVN3375,TON-DAU-SAPO,2030-12-31,3,6531.173
PVN3376,TON-DAU-SAPO,2030-12-31,0.3,68000
PVN3356,TON-DAU-SAPO,2030-12-31,24,11250
PVN3357,TON-DAU-SAPO,2030-12-31,2,135000
PVN3352,TON-DAU-SAPO,2030-12-31,12,15000
PVN3349,TON-DAU-SAPO,2030-12-31,11,96184
PVN3348,TON-DAU-SAPO,2030-12-31,1,0
PVN3341,TON-DAU-SAPO,2030-12-31,1,47765.862
PVN3335,TON-DAU-SAPO,2030-12-31,20,10000
PVN3333,TON-DAU-SAPO,2030-12-31,50,3900
PVN3334,TON-DAU-SAPO,2030-12-31,1,195000
PVN3332,TON-DAU-SAPO,2030-12-31,1,202000
PVN3325,TON-DAU-SAPO,2030-12-31,0.5,89196.677
PVN3313,TON-DAU-SAPO,2030-12-31,6,55636
PVN3314,TON-DAU-SAPO,2030-12-31,2,166908
PVN3309,TON-DAU-SAPO,2030-12-31,15,5772.164
PVN3310,TON-DAU-SAPO,2030-12-31,1.5,65000
PVN3306,TON-DAU-SAPO,2030-12-31,3,118334
PVN3302,TON-DAU-SAPO,2030-12-31,6,28502.8285
PVN3299,TON-DAU-SAPO,2030-12-31,1,175000
PVN3298,TON-DAU-SAPO,2030-12-31,9,19307.692
PVN3294,TON-DAU-SAPO,2030-12-31,2,0
PVN3286,TON-DAU-SAPO,2030-12-31,6,106239.449
PVN3284,TON-DAU-SAPO,2030-12-31,4,48277.777
PVN3285,TON-DAU-SAPO,2030-12-31,1.3333,145000
PVN3278,TON-DAU-SAPO,2030-12-31,44,1680
PVN3277,TON-DAU-SAPO,2030-12-31,6,48000
PVN3272,TON-DAU-SAPO,2030-12-31,1,70000
PVN3269,TON-DAU-SAPO,2030-12-31,5,10000
PVN3267,TON-DAU-SAPO,2030-12-31,46,32285.025
PVN3268,TON-DAU-SAPO,2030-12-31,15.3333,98600
PVN3263,TON-DAU-SAPO,2030-12-31,3,3563.62
PVN3264,TON-DAU-SAPO,2030-12-31,0.15,75000
PVN3259,TON-DAU-SAPO,2030-12-31,14,19460.3673
PVN3260,TON-DAU-SAPO,2030-12-31,4.6667,58599
PVN3254,TON-DAU-SAPO,2030-12-31,1,110500
PVN3253,TON-DAU-SAPO,2030-12-31,3,210000
PVN3236,TON-DAU-SAPO,2030-12-31,13,7516.4832
PVN3221,TON-DAU-SAPO,2030-12-31,33,9999.7552
PVN3222,TON-DAU-SAPO,2030-12-31,11,30000
PVN3217,TON-DAU-SAPO,2030-12-31,1,0
PVN3218,TON-DAU-SAPO,2030-12-31,0.3333,0
PVN3216,TON-DAU-SAPO,2030-12-31,6,53000
PVN3214,TON-DAU-SAPO,2030-12-31,1,756666.666
PVN3211,TON-DAU-SAPO,2030-12-31,2,51000
PVN3206,TON-DAU-SAPO,2030-12-31,135,499.2572
PVN3207,TON-DAU-SAPO,2030-12-31,3.375,17000
PVN3204,TON-DAU-SAPO,2030-12-31,4,165000
PVN3205,TON-DAU-SAPO,2030-12-31,2,330000
PVN3203,TON-DAU-SAPO,2030-12-31,2,198000
PVN3196,TON-DAU-SAPO,2030-12-31,6,26166.6667
PVN3190,TON-DAU-SAPO,2030-12-31,3,19000
PVN3189,TON-DAU-SAPO,2030-12-31,1,265000
PVN3188,TON-DAU-SAPO,2030-12-31,2.3,47168
PVN3181,TON-DAU-SAPO,2030-12-31,4,25000
PVN3175,TON-DAU-SAPO,2030-12-31,1,50000
PVN3171,TON-DAU-SAPO,2030-12-31,3,195000
PVN3170,TON-DAU-SAPO,2030-12-31,1,160000
PVN3165,TON-DAU-SAPO,2030-12-31,7,61555.5551
PVN3166,TON-DAU-SAPO,2030-12-31,3.5,112000
PVN3161,TON-DAU-SAPO,2030-12-31,1,0
PVN3162,TON-DAU-SAPO,2030-12-31,0.3333,0
PVN3155,TON-DAU-SAPO,2030-12-31,87,1120.4615
PVN3156,TON-DAU-SAPO,2030-12-31,2.175,135500
PVN3153,TON-DAU-SAPO,2030-12-31,1,34799.851
PVN3154,TON-DAU-SAPO,2030-12-31,0.3333,126000
PVN3147,TON-DAU-SAPO,2030-12-31,1,0
PVN3144,TON-DAU-SAPO,2030-12-31,2,218125
PVN3139,TON-DAU-SAPO,2030-12-31,3,150000
PVN3140,TON-DAU-SAPO,2030-12-31,1,450000
PVN3137,TON-DAU-SAPO,2030-12-31,7,7423.7933
PVN3138,TON-DAU-SAPO,2030-12-31,0.7,60000
PVN3128,TON-DAU-SAPO,2030-12-31,6,50000
PVN3115,TON-DAU-SAPO,2030-12-31,4,30000
PVN3114,TON-DAU-SAPO,2030-12-31,3,7000
PVN3102,TON-DAU-SAPO,2030-12-31,1,136000
PVN3092,TON-DAU-SAPO,2030-12-31,1,0
PVN3090,TON-DAU-SAPO,2030-12-31,32,9090.9085
PVN3091,TON-DAU-SAPO,2030-12-31,3.2,0
PVN3078,TON-DAU-SAPO,2030-12-31,13,43242.8568
PVN3069,TON-DAU-SAPO,2030-12-31,1,320000
PVN3065,TON-DAU-SAPO,2030-12-31,1,16000
PVN3064,TON-DAU-SAPO,2030-12-31,1,15000
PVN3061,TON-DAU-SAPO,2030-12-31,160,2950
PVN3062,TON-DAU-SAPO,2030-12-31,8,59000
PVN3053,TON-DAU-SAPO,2030-12-31,1,13171.459
PVN3050,TON-DAU-SAPO,2030-12-31,1,0
PVN3049,TON-DAU-SAPO,2030-12-31,2,195000
PVN3036,TON-DAU-SAPO,2030-12-31,84,16194.6465
PVN3037,TON-DAU-SAPO,2030-12-31,7,194400
PVN3034,TON-DAU-SAPO,2030-12-31,3,28789.2807
PVN3035,TON-DAU-SAPO,2030-12-31,1,124500
PVN3032,TON-DAU-SAPO,2030-12-31,13,28476.7249
PVN3033,TON-DAU-SAPO,2030-12-31,4.3333,85750
PVN3029,TON-DAU-SAPO,2030-12-31,56,5988.3617
PVN3030,TON-DAU-SAPO,2030-12-31,5.6,59934
PVN3028,TON-DAU-SAPO,2030-12-31,11,99000
PVN3026,TON-DAU-SAPO,2030-12-31,8,24857.143
PVN3022,TON-DAU-SAPO,2030-12-31,31,6000
PVN3014,TON-DAU-SAPO,2030-12-31,61,2599.9067
PVN3015,TON-DAU-SAPO,2030-12-31,6.1,23000
PVN3007,TON-DAU-SAPO,2030-12-31,2,20000
PVN3004,TON-DAU-SAPO,2030-12-31,1,0
PVN2977,TON-DAU-SAPO,2030-12-31,2,240000
PVN2974,TON-DAU-SAPO,2030-12-31,40,4800
PVN2975,TON-DAU-SAPO,2030-12-31,4,48000
PVN2969,TON-DAU-SAPO,2030-12-31,4,181500
PVN2964,TON-DAU-SAPO,2030-12-31,5,58200
PVN2957,TON-DAU-SAPO,2030-12-31,3,0
PVN2953,TON-DAU-SAPO,2030-12-31,2,32143
PVN2947,TON-DAU-SAPO,2030-12-31,7,13055.8306
PVN2948,TON-DAU-SAPO,2030-12-31,1.1667,71000
PVN2943,TON-DAU-SAPO,2030-12-31,29,5133.0036
PVN2944,TON-DAU-SAPO,2030-12-31,2.9,120000
PVN2935,TON-DAU-SAPO,2030-12-31,15,22419.8911
PVN2936,TON-DAU-SAPO,2030-12-31,5,64000
PVN2932,TON-DAU-SAPO,2030-12-31,3,21516.4787
PVN2933,TON-DAU-SAPO,2030-12-31,1.5,43000
PVN2931,TON-DAU-SAPO,2030-12-31,1,0
PVN2922,TON-DAU-SAPO,2030-12-31,5,21198.26
PVN2920,TON-DAU-SAPO,2030-12-31,149,3746.1092
PVN2921,TON-DAU-SAPO,2030-12-31,7.0952,87500
PVN2918,TON-DAU-SAPO,2030-12-31,331,279.9993
PVN2919,TON-DAU-SAPO,2030-12-31,3.31,28000
PVN2905,TON-DAU-SAPO,2030-12-31,2,52000
PVN2898,TON-DAU-SAPO,2030-12-31,2,38250.001
PVN2899,TON-DAU-SAPO,2030-12-31,0.6667,132000
PVN2896,TON-DAU-SAPO,2030-12-31,3,78583.3308
PVN2897,TON-DAU-SAPO,2030-12-31,1,237000
PVN2894,TON-DAU-SAPO,2030-12-31,2,32918.688
PVN2884,TON-DAU-SAPO,2030-12-31,186,20528.761
PVN2885,TON-DAU-SAPO,2030-12-31,37.2,108000
PVN2880,TON-DAU-SAPO,2030-12-31,1,25000
PVN2879,TON-DAU-SAPO,2030-12-31,4,103846
PVN2877,TON-DAU-SAPO,2030-12-31,1,140000
PVN2872,TON-DAU-SAPO,2030-12-31,5,7000
PVN2859,TON-DAU-SAPO,2030-12-31,89,1982.5039
PVN2860,TON-DAU-SAPO,2030-12-31,4.45,40000
PVN2858,TON-DAU-SAPO,2030-12-31,1,50000
PVN2857,TON-DAU-SAPO,2030-12-31,8,20000
PVN2855,TON-DAU-SAPO,2030-12-31,10,49227.5476
PVN2856,TON-DAU-SAPO,2030-12-31,5,100000
PVN2850,TON-DAU-SAPO,2030-12-31,50,27857
PVN2851,TON-DAU-SAPO,2030-12-31,16.6667,72000
PVN2849,TON-DAU-SAPO,2030-12-31,2,131666.6666
PVN2847,TON-DAU-SAPO,2030-12-31,8,13745.0623
PVN2835,TON-DAU-SAPO,2030-12-31,2,20000
PVN2828,TON-DAU-SAPO,2030-12-31,11,41667
PVN2825,TON-DAU-SAPO,2030-12-31,3,41666.667
PVN2826,TON-DAU-SAPO,2030-12-31,0.5,250000
PVN2818,TON-DAU-SAPO,2030-12-31,1,0
PVN2817,TON-DAU-SAPO,2030-12-31,11,28272.7263
PVN2805,TON-DAU-SAPO,2030-12-31,3,284309.9943
PVN2803,TON-DAU-SAPO,2030-12-31,1,270000
PVN2802,TON-DAU-SAPO,2030-12-31,1,120000
PVN2798,TON-DAU-SAPO,2030-12-31,90,2299.9998
PVN2799,TON-DAU-SAPO,2030-12-31,9,26000
PVN2793,TON-DAU-SAPO,2030-12-31,1,35000
PVN2794,TON-DAU-SAPO,2030-12-31,0.3333,105000
PVN2792,TON-DAU-SAPO,2030-12-31,18,25000
PVN2786,TON-DAU-SAPO,2030-12-31,2,13000
PVN2782,TON-DAU-SAPO,2030-12-31,2,209150.16
PVN2781,TON-DAU-SAPO,2030-12-31,18,2928.571
PVN2778,TON-DAU-SAPO,2030-12-31,40,9731.4368
PVN2779,TON-DAU-SAPO,2030-12-31,2,195000
PVN2772,TON-DAU-SAPO,2030-12-31,5,200000
PVN2771,TON-DAU-SAPO,2030-12-31,1,700000
PVN2766,TON-DAU-SAPO,2030-12-31,3,22000
PVN2761,TON-DAU-SAPO,2030-12-31,1,277500
PVN2762,TON-DAU-SAPO,2030-12-31,0.5,555000
PVN2760,TON-DAU-SAPO,2030-12-31,8,18089.112
PVN2754,TON-DAU-SAPO,2030-12-31,1,4187.563
PVN2753,TON-DAU-SAPO,2030-12-31,10,22829.7019
PVN2747,TON-DAU-SAPO,2030-12-31,1,32234.29
PVN2746,TON-DAU-SAPO,2030-12-31,6,53247.9545
PVN2744,TON-DAU-SAPO,2030-12-31,10,28181.8181
PVN2739,TON-DAU-SAPO,2030-12-31,10,3010.7589
PVN2740,TON-DAU-SAPO,2030-12-31,1,50000
PVN2735,TON-DAU-SAPO,2030-12-31,113,2698.0429
PVN2736,TON-DAU-SAPO,2030-12-31,11.3,25000
PVN2727,TON-DAU-SAPO,2030-12-31,24,26000
PVN2726,TON-DAU-SAPO,2030-12-31,1,15741
PVN2721,TON-DAU-SAPO,2030-12-31,32,5200
PVN2716,TON-DAU-SAPO,2030-12-31,1,23796.825
PVN2713,TON-DAU-SAPO,2030-12-31,5,179545.4539
PVN2702,TON-DAU-SAPO,2030-12-31,34,5500
PVN2687,TON-DAU-SAPO,2030-12-31,196,524
PVN2684,TON-DAU-SAPO,2030-12-31,6,15346.5638
PVN2680,TON-DAU-SAPO,2030-12-31,1,50000
PVN2667,TON-DAU-SAPO,2030-12-31,3,35000
PVN2658,TON-DAU-SAPO,2030-12-31,5,24093
PVN2659,TON-DAU-SAPO,2030-12-31,1,118125
PVN2654,TON-DAU-SAPO,2030-12-31,11,7560
PVN2655,TON-DAU-SAPO,2030-12-31,1.1,75600
PVN2651,TON-DAU-SAPO,2030-12-31,3,45000
PVN2649,TON-DAU-SAPO,2030-12-31,4,1940
PVN2648,TON-DAU-SAPO,2030-12-31,1,150000
PVN2646,TON-DAU-SAPO,2030-12-31,1,50000
PVN2632,TON-DAU-SAPO,2030-12-31,10,5300
PVN2633,TON-DAU-SAPO,2030-12-31,1,0
PVN2630,TON-DAU-SAPO,2030-12-31,6,3300
PVN2615,TON-DAU-SAPO,2030-12-31,3,16500
PVN2611,TON-DAU-SAPO,2030-12-31,26,0
PVN2612,TON-DAU-SAPO,2030-12-31,2.6,0
PVN2608,TON-DAU-SAPO,2030-12-31,7,3000
PVN2601,TON-DAU-SAPO,2030-12-31,2,4700
PVN2602,TON-DAU-SAPO,2030-12-31,1,9400
PVN2600,TON-DAU-SAPO,2030-12-31,9,14841.669
PVN2590,TON-DAU-SAPO,2030-12-31,2,126441.232
PVN2589,TON-DAU-SAPO,2030-12-31,1,77919.463
PVN2585,TON-DAU-SAPO,2030-12-31,5,24954.5448
PVN2584,TON-DAU-SAPO,2030-12-31,2,71500
PVN2577,TON-DAU-SAPO,2030-12-31,26,23771.7464
PVN2576,TON-DAU-SAPO,2030-12-31,1,13000
PVN2574,TON-DAU-SAPO,2030-12-31,7,13387.6
PVN2575,TON-DAU-SAPO,2030-12-31,1.4,66938
PVN2569,TON-DAU-SAPO,2030-12-31,3,31053.448
PVN2566,TON-DAU-SAPO,2030-12-31,3,66872.428
PVN2567,TON-DAU-SAPO,2030-12-31,0.6,350000
PVN2558,TON-DAU-SAPO,2030-12-31,28.01,12459.7682
PVN2550,TON-DAU-SAPO,2030-12-31,6,29400
PVN2548,TON-DAU-SAPO,2030-12-31,5,84070.7044
PVN2546,TON-DAU-SAPO,2030-12-31,9,3900
PVN2547,TON-DAU-SAPO,2030-12-31,0.9,39000
PVN2534,TON-DAU-SAPO,2030-12-31,15,33858.2768
PVN2530,TON-DAU-SAPO,2030-12-31,3,93333.998
PVN2529,TON-DAU-SAPO,2030-12-31,1,156999.9956
PVN2528,TON-DAU-SAPO,2030-12-31,5,10458.7828
PVN2521,TON-DAU-SAPO,2030-12-31,2,7992.403
PVN2522,TON-DAU-SAPO,2030-12-31,0.4,42857
PVN2519,TON-DAU-SAPO,2030-12-31,4,32727.273
PVN2520,TON-DAU-SAPO,2030-12-31,0.4,380000
PVN2510,TON-DAU-SAPO,2030-12-31,20,3350
PVN2511,TON-DAU-SAPO,2030-12-31,1,67000
PVN2507,TON-DAU-SAPO,2030-12-31,3,69000
PVN2506,TON-DAU-SAPO,2030-12-31,1,0
PVN2505,TON-DAU-SAPO,2030-12-31,2,350000
PVN2501,TON-DAU-SAPO,2030-12-31,4,11999.999
PVN2499,TON-DAU-SAPO,2030-12-31,3,10899.9942
PVN2500,TON-DAU-SAPO,2030-12-31,0.3,109000
PVN2491,TON-DAU-SAPO,2030-12-31,21,2999.9974
PVN2485,TON-DAU-SAPO,2030-12-31,1,135097.971
PVN2484,TON-DAU-SAPO,2030-12-31,81,3900
PVN2461,TON-DAU-SAPO,2030-12-31,2,26917.8605
PVN2458,TON-DAU-SAPO,2030-12-31,3,118600
PVN2453,TON-DAU-SAPO,2030-12-31,90,4145
PVN2454,TON-DAU-SAPO,2030-12-31,4.5,82900
PVN2451,TON-DAU-SAPO,2030-12-31,6,2705.8757
PVN2450,TON-DAU-SAPO,2030-12-31,11,3259.9949
PVN2443,TON-DAU-SAPO,2030-12-31,3,25000
PVN2438,TON-DAU-SAPO,2030-12-31,5,76000
PVN2432,TON-DAU-SAPO,2030-12-31,3,275333.3333
PVN2430,TON-DAU-SAPO,2030-12-31,1,42500
PVN2431,TON-DAU-SAPO,2030-12-31,0.5,85000
PVN2425,TON-DAU-SAPO,2030-12-31,0.8,130000
PVN2423,TON-DAU-SAPO,2030-12-31,4,83000
PVN2420,TON-DAU-SAPO,2030-12-31,2,30000
PVN2415,TON-DAU-SAPO,2030-12-31,2,34428.5671
PVN2410,TON-DAU-SAPO,2030-12-31,9,16499.986
PVN2398,TON-DAU-SAPO,2030-12-31,19,2000
PVN2396,TON-DAU-SAPO,2030-12-31,1,480000
PVN2393,TON-DAU-SAPO,2030-12-31,143,2570.1797
PVN2394,TON-DAU-SAPO,2030-12-31,14.3,35000
PVN2385,TON-DAU-SAPO,2030-12-31,11,34200.1785
PVN2383,TON-DAU-SAPO,2030-12-31,2,7118.858
PVN2382,TON-DAU-SAPO,2030-12-31,5,25765.6018
PVN2375,TON-DAU-SAPO,2030-12-31,1,125000
PVN2367,TON-DAU-SAPO,2030-12-31,3,18000
PVN2368,TON-DAU-SAPO,2030-12-31,0.375,114000
PVN2364,TON-DAU-SAPO,2030-12-31,3,12000
PVN2363,TON-DAU-SAPO,2030-12-31,1,23666.6652
PVN2359,TON-DAU-SAPO,2030-12-31,6,21934.7881
PVN2352,TON-DAU-SAPO,2030-12-31,9,15636.3636
PVN2351,TON-DAU-SAPO,2030-12-31,3,0
PVN2349,TON-DAU-SAPO,2030-12-31,20,4500
PVN2350,TON-DAU-SAPO,2030-12-31,10,9000
PVN2348,TON-DAU-SAPO,2030-12-31,2,17000
PVN2344,TON-DAU-SAPO,2030-12-31,19,7649.9682
PVN2341,TON-DAU-SAPO,2030-12-31,142,4064.6597
PVN2342,TON-DAU-SAPO,2030-12-31,14.2,41000
PVN2337,TON-DAU-SAPO,2030-12-31,20,15500
PVN2338,TON-DAU-SAPO,2030-12-31,1,310000
PVN2336,TON-DAU-SAPO,2030-12-31,13,63587.8097
PVN2335,TON-DAU-SAPO,2030-12-31,7,0
PVN2332,TON-DAU-SAPO,2030-12-31,1,568500
PVN2329,TON-DAU-SAPO,2030-12-31,24,5000
PVN2330,TON-DAU-SAPO,2030-12-31,2.4,50000
PVN2324,TON-DAU-SAPO,2030-12-31,6,11313.9709
PVN2325,TON-DAU-SAPO,2030-12-31,1,68000
PVN2320,TON-DAU-SAPO,2030-12-31,4,145000
PVN2321,TON-DAU-SAPO,2030-12-31,1.3333,435000
PVN2318,TON-DAU-SAPO,2030-12-31,3,14999.9883
PVN2319,TON-DAU-SAPO,2030-12-31,1.5,30000
PVN2314,TON-DAU-SAPO,2030-12-31,14,115714.286
PVN2302,TON-DAU-SAPO,2030-12-31,36,18000
PVN2303,TON-DAU-SAPO,2030-12-31,3.6,180000
PVN2292,TON-DAU-SAPO,2030-12-31,1,400000
PVN2287,TON-DAU-SAPO,2030-12-31,38,5999.9972
PVN2284,TON-DAU-SAPO,2030-12-31,1,33127.144
PVN2283,TON-DAU-SAPO,2030-12-31,11,6998.9677
PVN2277,TON-DAU-SAPO,2030-12-31,24,6023.0769
PVN2278,TON-DAU-SAPO,2030-12-31,2.4,65000
PVN2273,TON-DAU-SAPO,2030-12-31,8,111450
PVN2267,TON-DAU-SAPO,2030-12-31,1,9315.0251
PVN2268,TON-DAU-SAPO,2030-12-31,0.2,41700
PVN2264,TON-DAU-SAPO,2030-12-31,190,614.9659
PVN2265,TON-DAU-SAPO,2030-12-31,1.9,76000
PVN2263,TON-DAU-SAPO,2030-12-31,16,2691.1861
PVN2261,TON-DAU-SAPO,2030-12-31,18,1626.4462
PVN2262,TON-DAU-SAPO,2030-12-31,1.8,17200
PVN2260,TON-DAU-SAPO,2030-12-31,8,13748.1069
PVN2257,TON-DAU-SAPO,2030-12-31,1,200000
PVN2255,TON-DAU-SAPO,2030-12-31,5,440000
PVN2253,TON-DAU-SAPO,2030-12-31,38,1495.6835
PVN2251,TON-DAU-SAPO,2030-12-31,1,300000
PVN2250,TON-DAU-SAPO,2030-12-31,4,111000
PVN2242,TON-DAU-SAPO,2030-12-31,81,4265.9952
PVN2243,TON-DAU-SAPO,2030-12-31,3.1154,112000
PVN2241,TON-DAU-SAPO,2030-12-31,1,45000
PVN2239,TON-DAU-SAPO,2030-12-31,38,11584.3018
PVN2240,TON-DAU-SAPO,2030-12-31,3.1667,140000
PVN2237,TON-DAU-SAPO,2030-12-31,154,4475.9913
PVN2238,TON-DAU-SAPO,2030-12-31,6.16,112000
PVN2235,TON-DAU-SAPO,2030-12-31,5,17600
PVN2236,TON-DAU-SAPO,2030-12-31,1,80000
PVN2234,TON-DAU-SAPO,2030-12-31,33,9790.5962
PVN2232,TON-DAU-SAPO,2030-12-31,652,858.4456
PVN2233,TON-DAU-SAPO,2030-12-31,3.26,206000
PVN2228,TON-DAU-SAPO,2030-12-31,5,76000
PVN2223,TON-DAU-SAPO,2030-12-31,24,2379.9875
PVN2215,TON-DAU-SAPO,2030-12-31,79,3898.0042
PVN2214,TON-DAU-SAPO,2030-12-31,5,54000
PVN2213,TON-DAU-SAPO,2030-12-31,1,51000
PVN2212,TON-DAU-SAPO,2030-12-31,6,3687.4144
PVN2210,TON-DAU-SAPO,2030-12-31,7,61000
PVN2208,TON-DAU-SAPO,2030-12-31,52,10303.0291
PVN2209,TON-DAU-SAPO,2030-12-31,17.3333,26500
PVN2206,TON-DAU-SAPO,2030-12-31,111,644.4246
PVN2207,TON-DAU-SAPO,2030-12-31,2.22,27000
PVN2204,TON-DAU-SAPO,2030-12-31,130,2940.9854
PVN2205,TON-DAU-SAPO,2030-12-31,1.3,350000
PVN2200,TON-DAU-SAPO,2030-12-31,41,4498.2073
PVN2197,TON-DAU-SAPO,2030-12-31,59,3249.996
PVN2196,TON-DAU-SAPO,2030-12-31,31,2932.9987
PVN2187,TON-DAU-SAPO,2030-12-31,660,80
PVN2188,TON-DAU-SAPO,2030-12-31,26.4,2000
PVN2180,TON-DAU-SAPO,2030-12-31,214,367.5439
PVN2181,TON-DAU-SAPO,2030-12-31,21.4,5208
PVN2182,TON-DAU-SAPO,2030-12-31,2.14,37600
PVN2174,TON-DAU-SAPO,2030-12-31,7,13021.1282
PVN2175,TON-DAU-SAPO,2030-12-31,3.5,25000
PVN2159,TON-DAU-SAPO,2030-12-31,62,223.3991
PVN2160,TON-DAU-SAPO,2030-12-31,0.62,20000
PVN2155,TON-DAU-SAPO,2030-12-31,597,203.5369
PVN2156,TON-DAU-SAPO,2030-12-31,0.597,130000
PVN2151,TON-DAU-SAPO,2030-12-31,1505,659.0204
PVN2152,TON-DAU-SAPO,2030-12-31,44.2647,24000
PVN2149,TON-DAU-SAPO,2030-12-31,710,499.3469
PVN2150,TON-DAU-SAPO,2030-12-31,23.6667,16000
PVN2145,TON-DAU-SAPO,2030-12-31,1074,288.2139
PVN2146,TON-DAU-SAPO,2030-12-31,2.148,145000
PVN2132,TON-DAU-SAPO,2030-12-31,525,1487.669
PVN2133,TON-DAU-SAPO,2030-12-31,5.25,165000
PVN2128,TON-DAU-SAPO,2030-12-31,61,500
PVN2129,TON-DAU-SAPO,2030-12-31,0.61,50000
PVN2125,TON-DAU-SAPO,2030-12-31,9,2150
PVN2126,TON-DAU-SAPO,2030-12-31,0.09,500000
PVN2116,TON-DAU-SAPO,2030-12-31,921,1000
PVN2117,TON-DAU-SAPO,2030-12-31,4.605,200000
PVN2114,TON-DAU-SAPO,2030-12-31,319,165.4159
PVN2115,TON-DAU-SAPO,2030-12-31,0.638,80000
PVN2108,TON-DAU-SAPO,2030-12-31,45,3600
PVN2109,TON-DAU-SAPO,2030-12-31,9,17000
PVN2104,TON-DAU-SAPO,2030-12-31,98,3399.9898
PVN2105,TON-DAU-SAPO,2030-12-31,19.6,17000
PVN2098,TON-DAU-SAPO,2030-12-31,3,3398.4462
PVN2099,TON-DAU-SAPO,2030-12-31,0.6,17000
PVN2095,TON-DAU-SAPO,2030-12-31,3,250000
PVN2090,TON-DAU-SAPO,2030-12-31,1,44666.6662
PVN2089,TON-DAU-SAPO,2030-12-31,28,7649.8941
PVN2088,TON-DAU-SAPO,2030-12-31,55,7650
PVN2087,TON-DAU-SAPO,2030-12-31,2,50000
PVN2086,TON-DAU-SAPO,2030-12-31,1,545000
PVN2075,TON-DAU-SAPO,2030-12-31,829,739.9495
PVN2076,TON-DAU-SAPO,2030-12-31,8.29,65000
PVN2074,TON-DAU-SAPO,2030-12-31,4,127476.4811
PVN2067,TON-DAU-SAPO,2030-12-31,8,5000
PVN2065,TON-DAU-SAPO,2030-12-31,13,4979.2504
PVN2062,TON-DAU-SAPO,2030-12-31,22,4999.9975
PVN2061,TON-DAU-SAPO,2030-12-31,8,5388.5466
PVN2060,TON-DAU-SAPO,2030-12-31,127,3124.9767
PVN2408,TON-DAU-SAPO,2030-12-31,5.2917,90000
PVN2059,TON-DAU-SAPO,2030-12-31,33,5829.1657
PVN2056,TON-DAU-SAPO,2030-12-31,11,3200.3948
PVN2055,TON-DAU-SAPO,2030-12-31,37,3211.0034
PVN2054,TON-DAU-SAPO,2030-12-31,2,12000
PVN2051,TON-DAU-SAPO,2030-12-31,56,3538.6571
PVN2050,TON-DAU-SAPO,2030-12-31,25,5000.0001
PVN2043,TON-DAU-SAPO,2030-12-31,150,616.2902
PVN2186,TON-DAU-SAPO,2030-12-31,37.5,2480
PVN2039,TON-DAU-SAPO,2030-12-31,23,8086.0473
PVN2040,TON-DAU-SAPO,2030-12-31,5.75,27500
PVN2033,TON-DAU-SAPO,2030-12-31,4,30000
PVN2034,TON-DAU-SAPO,2030-12-31,1,120000
PVN2030,TON-DAU-SAPO,2030-12-31,1,480000
PVN2029,TON-DAU-SAPO,2030-12-31,45,2777.8545
PVN2177,TON-DAU-SAPO,2030-12-31,1.8,136000
PVN2026,TON-DAU-SAPO,2030-12-31,26,6000
PVN2027,TON-DAU-SAPO,2030-12-31,2.6,60000
PVN2025,TON-DAU-SAPO,2030-12-31,131,221.113
PVN2176,TON-DAU-SAPO,2030-12-31,1.31,22000
PVN2023,TON-DAU-SAPO,2030-12-31,104,18329.1341
PVN2024,TON-DAU-SAPO,2030-12-31,10.4,165000
PVN2022,TON-DAU-SAPO,2030-12-31,2,60069.443
PVN2021,TON-DAU-SAPO,2030-12-31,1,965000
PVN2019,TON-DAU-SAPO,2030-12-31,36,4000
PVN2020,TON-DAU-SAPO,2030-12-31,18,8000
PVN2016,TON-DAU-SAPO,2030-12-31,1,17361.111
PVN2014,TON-DAU-SAPO,2030-12-31,11,381.6214
PVN2015,TON-DAU-SAPO,2030-12-31,0.11,2000000
PVN2183,TON-DAU-SAPO,2030-12-31,1.1,3000
PVN2012,TON-DAU-SAPO,2030-12-31,7,76310.4383
PVN2011,TON-DAU-SAPO,2030-12-31,4,193353.5625
PVN2010,TON-DAU-SAPO,2030-12-31,10,17999.9894
PVN2008,TON-DAU-SAPO,2030-12-31,8,132106.551
PVN2007,TON-DAU-SAPO,2030-12-31,2,29000
PVN2005,TON-DAU-SAPO,2030-12-31,42,6499.9097
PVN2001,TON-DAU-SAPO,2030-12-31,46,7880
PVN2000,TON-DAU-SAPO,2030-12-31,6,67500
PVN1994,TON-DAU-SAPO,2030-12-31,1,64000
PVN1990,TON-DAU-SAPO,2030-12-31,3,185000
PVN1983,TON-DAU-SAPO,2030-12-31,3,120000
PVN1979,TON-DAU-SAPO,2030-12-31,8,7416.6665
PVN1980,TON-DAU-SAPO,2030-12-31,4,15000
PVN1975,TON-DAU-SAPO,2030-12-31,22,19634.9994
PVN1976,TON-DAU-SAPO,2030-12-31,7.3333,59000
PVN1971,TON-DAU-SAPO,2030-12-31,35,70181.0828
PVN1972,TON-DAU-SAPO,2030-12-31,7,355800
PVN1970,TON-DAU-SAPO,2030-12-31,65,4600
PVN1968,TON-DAU-SAPO,2030-12-31,18,79591.068
PVN1969,TON-DAU-SAPO,2030-12-31,6,240000
PVN1954,TON-DAU-SAPO,2030-12-31,7,28854.297
PVN1949,TON-DAU-SAPO,2030-12-31,34,22349.9962
PVN1948,TON-DAU-SAPO,2030-12-31,1,70000
PVN1944,TON-DAU-SAPO,2030-12-31,69,8030.6643
PVN1945,TON-DAU-SAPO,2030-12-31,3.45,175000
PVN1942,TON-DAU-SAPO,2030-12-31,42,24526.9394
PVN1943,TON-DAU-SAPO,2030-12-31,3.5,310000
PVN1941,TON-DAU-SAPO,2030-12-31,30,7866.0121
PVN1939,TON-DAU-SAPO,2030-12-31,23,17956.0354
PVN1940,TON-DAU-SAPO,2030-12-31,1.9167,216996
PPVVVN43,TON-DAU-SAPO,2030-12-31,34,16785.3647
PPVVVN44,TON-DAU-SAPO,2030-12-31,1.4167,360000
PPVVVN46,TON-DAU-SAPO,2030-12-31,5,28667
PPVVVN48,TON-DAU-SAPO,2030-12-31,12,36833
PPVVVN49,TON-DAU-SAPO,2030-12-31,1,450000
PPVVVN50,TON-DAU-SAPO,2030-12-31,11,44000
PPVVVN51,TON-DAU-SAPO,2030-12-31,2,17361.111
PPVVVN53,TON-DAU-SAPO,2030-12-31,2,75000
PPVVVN54,TON-DAU-SAPO,2030-12-31,3,36000
PPVVVN56,TON-DAU-SAPO,2030-12-31,12,57000
PPVVVN57,TON-DAU-SAPO,2030-12-31,8,49163.2499
PPVVVN60,TON-DAU-SAPO,2030-12-31,16,12690.9664
PPVVVN62,TON-DAU-SAPO,2030-12-31,22,29000
PPVVVN64,TON-DAU-SAPO,2030-12-31,5,88000
PPVVVN65,TON-DAU-SAPO,2030-12-31,11,52999.9981
PPVVVN66,TON-DAU-SAPO,2030-12-31,3,53000
PPVVVN67,TON-DAU-SAPO,2030-12-31,1,132000
PPVVVN70,TON-DAU-SAPO,2030-12-31,2,82000
PPVVVN77,TON-DAU-SAPO,2030-12-31,1,175000
PPVVVN80,TON-DAU-SAPO,2030-12-31,1,15000
PPVVVN82,TON-DAU-SAPO,2030-12-31,6,5954.545
PPVVVN84,TON-DAU-SAPO,2030-12-31,21,13987.9191
PPVVVN85,TON-DAU-SAPO,2030-12-31,210,1155.2352
PPVVVN86,TON-DAU-SAPO,2030-12-31,21,20000
PPVVVN87,TON-DAU-SAPO,2030-12-31,43,3516.0657
PPVVVN88,TON-DAU-SAPO,2030-12-31,3.5833,60000
PPVVVN92,TON-DAU-SAPO,2030-12-31,39,4996.218
PPVVVN93,TON-DAU-SAPO,2030-12-31,3.25,60000
PPVVVN97,TON-DAU-SAPO,2030-12-31,1,0
PPVVVN98,TON-DAU-SAPO,2030-12-31,3,250000
PPVVVN99,TON-DAU-SAPO,2030-12-31,2,50600
PPVVVN107,TON-DAU-SAPO,2030-12-31,35,11666.6663
PPVVVN108,TON-DAU-SAPO,2030-12-31,11.6667,35000
PPVVVN114,TON-DAU-SAPO,2030-12-31,9,44906.1134
PPVVVN115,TON-DAU-SAPO,2030-12-31,2,53000
PPVVVN116,TON-DAU-SAPO,2030-12-31,37,10854.9724
PPVVVN117,TON-DAU-SAPO,2030-12-31,6.1667,66667
PPVVVN119,TON-DAU-SAPO,2030-12-31,1,60000
PPVVVN123,TON-DAU-SAPO,2030-12-31,13,20000
PPVVVN137,TON-DAU-SAPO,2030-12-31,1,150000
PPVVVN138,TON-DAU-SAPO,2030-12-31,1,64848.395
PPVVVN145,TON-DAU-SAPO,2030-12-31,124,1399.9992
PPVVVN146,TON-DAU-SAPO,2030-12-31,4.1333,42000
PPVVVN147,TON-DAU-SAPO,2030-12-31,15,31600
PPVVVN152,TON-DAU-SAPO,2030-12-31,2,40000
PPVVVN153,TON-DAU-SAPO,2030-12-31,6,33695.9898
PPVVVN156,TON-DAU-SAPO,2030-12-31,5,56666.6629
PPVVVN162,TON-DAU-SAPO,2030-12-31,3,32400
PPVVVN166,TON-DAU-SAPO,2030-12-31,5,31485.714
PPVVVN167,TON-DAU-SAPO,2030-12-31,3,77000
PPVVVN168,TON-DAU-SAPO,2030-12-31,90,15000
PPVVVN169,TON-DAU-SAPO,2030-12-31,1.5,900000
PPVVVN170,TON-DAU-SAPO,2030-12-31,8,52625
PPVVVN172,TON-DAU-SAPO,2030-12-31,4,8000
PPVVVN173,TON-DAU-SAPO,2030-12-31,0.4,100000
PPVVVN182,TON-DAU-SAPO,2030-12-31,13,1149.5207
PPVVVN183,TON-DAU-SAPO,2030-12-31,1.3,11000
PPVVVN184,TON-DAU-SAPO,2030-12-31,1,170000
PPVVVN194,TON-DAU-SAPO,2030-12-31,6,47500
PPVVVN195,TON-DAU-SAPO,2030-12-31,0.6,505000
PPVVVN198,TON-DAU-SAPO,2030-12-31,6,63000
PPVVVN204,TON-DAU-SAPO,2030-12-31,5,20350.3464
PPVVVN208,TON-DAU-SAPO,2030-12-31,2,120000
PPVVVN212,TON-DAU-SAPO,2030-12-31,2,280000
PPVVVN216,TON-DAU-SAPO,2030-12-31,536,929.9558
PPVVVN217,TON-DAU-SAPO,2030-12-31,5.36,93000
PPVVVN218,TON-DAU-SAPO,2030-12-31,1,30000
PPVVVN221,TON-DAU-SAPO,2030-12-31,6,52000
PPVVVN222,TON-DAU-SAPO,2030-12-31,399,1252.127
PPVVVN223,TON-DAU-SAPO,2030-12-31,7.98,69000
PPVVVN225,TON-DAU-SAPO,2030-12-31,1,75000
PPVVVN227,TON-DAU-SAPO,2030-12-31,1,57000
PPVVVN228,TON-DAU-SAPO,2030-12-31,13,3952.728
PPVVVN230,TON-DAU-SAPO,2030-12-31,2,110000
PPVVVN231,TON-DAU-SAPO,2030-12-31,18,3957.1383
PPVVVN232,TON-DAU-SAPO,2030-12-31,16,10062.5
PPVVVN233,TON-DAU-SAPO,2030-12-31,0.8,9000
PPVVVN234,TON-DAU-SAPO,2030-12-31,5,88342.716
PPVVVN237,TON-DAU-SAPO,2030-12-31,16,4958.8907
PPVVVN241,TON-DAU-SAPO,2030-12-31,9,6000
PPVVVN244,TON-DAU-SAPO,2030-12-31,1,383333.332
PPVVVN247,TON-DAU-SAPO,2030-12-31,4,54000
PPVVVN248,TON-DAU-SAPO,2030-12-31,1,220000
PPVVVN249,TON-DAU-SAPO,2030-12-31,2,9000
PPVVVN250,TON-DAU-SAPO,2030-12-31,3,73999.998
PPVVVN252,TON-DAU-SAPO,2030-12-31,1,28000
PPVVVN253,TON-DAU-SAPO,2030-12-31,1,18000
PPVVVN256,TON-DAU-SAPO,2030-12-31,3,63125
PPVVVN258,TON-DAU-SAPO,2030-12-31,4,41929.9015
PPVVVN262,TON-DAU-SAPO,2030-12-31,5,25077.1725
PPVVVN264,TON-DAU-SAPO,2030-12-31,2,50000
PPVVVN266,TON-DAU-SAPO,2030-12-31,5,27642.8568
PVN1935,TON-DAU-SAPO,2030-12-31,24,44997.5748
PVN1936,TON-DAU-SAPO,2030-12-31,8,133000
PVN1933,TON-DAU-SAPO,2030-12-31,9,83970.4133
PVN1934,TON-DAU-SAPO,2030-12-31,4.5,168000
PVN1930,TON-DAU-SAPO,2030-12-31,60,400
PVN1931,TON-DAU-SAPO,2030-12-31,0.6,40000
PVN1929,TON-DAU-SAPO,2030-12-31,1,75000
PVN1926,TON-DAU-SAPO,2030-12-31,22,11499.9897
PVN1927,TON-DAU-SAPO,2030-12-31,2.2,115000
PVN1922,TON-DAU-SAPO,2030-12-31,113,11116.0972
PVN1923,TON-DAU-SAPO,2030-12-31,11.3,140000
PVN1919,TON-DAU-SAPO,2030-12-31,25,22420.1318
PVN1920,TON-DAU-SAPO,2030-12-31,4.1667,130000
PVN1915,TON-DAU-SAPO,2030-12-31,29,6847.0588
PVN1916,TON-DAU-SAPO,2030-12-31,14.5,12000
PVN1909,TON-DAU-SAPO,2030-12-31,7,2300
PVN1906,TON-DAU-SAPO,2030-12-31,19,10926.8255
PVN1907,TON-DAU-SAPO,2030-12-31,1.9,110000
PVN1904,TON-DAU-SAPO,2030-12-31,66,9156.687
PVN1905,TON-DAU-SAPO,2030-12-31,22,27500
PVN1902,TON-DAU-SAPO,2030-12-31,31,6370
PVN1903,TON-DAU-SAPO,2030-12-31,5.1667,39000
PVN1896,TON-DAU-SAPO,2030-12-31,8,19700
PVN1895,TON-DAU-SAPO,2030-12-31,5,25999.1576
PVN1890,TON-DAU-SAPO,2030-12-31,2,11045.8546
PVN1891,TON-DAU-SAPO,2030-12-31,0.2,110000
PVN1888,TON-DAU-SAPO,2030-12-31,4,3200
PVN1889,TON-DAU-SAPO,2030-12-31,0.4,32000
PVN1883,TON-DAU-SAPO,2030-12-31,14,16691.6457
PVN1884,TON-DAU-SAPO,2030-12-31,0.9333,226500
PVN1881,TON-DAU-SAPO,2030-12-31,3,9100
PVN1882,TON-DAU-SAPO,2030-12-31,0.3,150000
PVN1879,TON-DAU-SAPO,2030-12-31,9,11934.2989
PVN1874,TON-DAU-SAPO,2030-12-31,5,12000
PVN1873,TON-DAU-SAPO,2030-12-31,2,56000
PVN1872,TON-DAU-SAPO,2030-12-31,7,11967.1474
PVN1871,TON-DAU-SAPO,2030-12-31,59,5398.0454
PVN1869,TON-DAU-SAPO,2030-12-31,13,5000
PVN1870,TON-DAU-SAPO,2030-12-31,0.52,125000
PVN1865,TON-DAU-SAPO,2030-12-31,37,3376.4908
PVN1866,TON-DAU-SAPO,2030-12-31,3.7,34000
PVN1863,TON-DAU-SAPO,2030-12-31,11,5516.9922
PVN1864,TON-DAU-SAPO,2030-12-31,0.44,134000
PVN1861,TON-DAU-SAPO,2030-12-31,34,4079.7186
PVN1862,TON-DAU-SAPO,2030-12-31,1.36,100000
PVN1859,TON-DAU-SAPO,2030-12-31,22,25200
PVN1860,TON-DAU-SAPO,2030-12-31,11,45000
PVN1857,TON-DAU-SAPO,2030-12-31,20,2375.1918
PVN1858,TON-DAU-SAPO,2030-12-31,0.4,118000
PVN1854,TON-DAU-SAPO,2030-12-31,18,4600.4146
PVN1855,TON-DAU-SAPO,2030-12-31,0.72,115000
PVN1849,TON-DAU-SAPO,2030-12-31,1,220000
PVN1847,TON-DAU-SAPO,2030-12-31,70,4403.9658
PVN1848,TON-DAU-SAPO,2030-12-31,2.8,130000
PVN1845,TON-DAU-SAPO,2030-12-31,5,29000
PVN1846,TON-DAU-SAPO,2030-12-31,2.5,58000
PVN1841,TON-DAU-SAPO,2030-12-31,6,58846
PVN1842,TON-DAU-SAPO,2030-12-31,3,117692
PVN1839,TON-DAU-SAPO,2030-12-31,3,59349.9037
PVN1840,TON-DAU-SAPO,2030-12-31,1.5,105000
PVN1832,TON-DAU-SAPO,2030-12-31,11,23759.3339
PVN1833,TON-DAU-SAPO,2030-12-31,3.6667,72000
PVN1829,TON-DAU-SAPO,2030-12-31,77,36618.0798
PVN1826,TON-DAU-SAPO,2030-12-31,6,142835.8962
PVN1827,TON-DAU-SAPO,2030-12-31,3,288000
PVN1824,TON-DAU-SAPO,2030-12-31,2,92206.6535
PVN1825,TON-DAU-SAPO,2030-12-31,1,183000
PVN1821,TON-DAU-SAPO,2030-12-31,18,24500
PVN1816,TON-DAU-SAPO,2030-12-31,18,39987.5842
PVN1814,TON-DAU-SAPO,2030-12-31,16,35000
PVN1811,TON-DAU-SAPO,2030-12-31,28,0
PVN1808,TON-DAU-SAPO,2030-12-31,2,15500
PVN1807,TON-DAU-SAPO,2030-12-31,24,6769.2308
PVN1805,TON-DAU-SAPO,2030-12-31,69,3549.9065
PVN2191,TON-DAU-SAPO,2030-12-31,6.9,35500
PVN1802,TON-DAU-SAPO,2030-12-31,5,109000
PVN1801,TON-DAU-SAPO,2030-12-31,5,69982.1418
PVN1799,TON-DAU-SAPO,2030-12-31,86,1394.8197
PVN1800,TON-DAU-SAPO,2030-12-31,4.3,28000
PVN1796,TON-DAU-SAPO,2030-12-31,24,1941.642
PVN1797,TON-DAU-SAPO,2030-12-31,2,21780
PVN1794,TON-DAU-SAPO,2030-12-31,4,14279.903
PVN1795,TON-DAU-SAPO,2030-12-31,2,50000
PVN1788,TON-DAU-SAPO,2030-12-31,3,45000
PVN1786,TON-DAU-SAPO,2030-12-31,2,12011.2792
PVN1787,TON-DAU-SAPO,2030-12-31,1,25000
PVN1784,TON-DAU-SAPO,2030-12-31,8,58519.8508
PVN1785,TON-DAU-SAPO,2030-12-31,4,111510
PVN1782,TON-DAU-SAPO,2030-12-31,212,1000
PVN1783,TON-DAU-SAPO,2030-12-31,8.8333,24000
PVN1780,TON-DAU-SAPO,2030-12-31,292,1473.1726
PVN1781,TON-DAU-SAPO,2030-12-31,12.1667,38556
PVN1774,TON-DAU-SAPO,2030-12-31,244,1676.0608
PVN1775,TON-DAU-SAPO,2030-12-31,10.1667,39000
PVN1771,TON-DAU-SAPO,2030-12-31,13,3800
PVN1772,TON-DAU-SAPO,2030-12-31,0.4333,114000
PVN1769,TON-DAU-SAPO,2030-12-31,4,6499.9998
PVN1770,TON-DAU-SAPO,2030-12-31,0.4,100000
PVN1768,TON-DAU-SAPO,2030-12-31,1,0
PVN1767,TON-DAU-SAPO,2030-12-31,12,33584.9901
PVN1765,TON-DAU-SAPO,2030-12-31,28,4793.4405
PVN1766,TON-DAU-SAPO,2030-12-31,1.12,68000
PVN1764,TON-DAU-SAPO,2030-12-31,12,52995.5928
PVN1761,TON-DAU-SAPO,2030-12-31,3,40800
PVN1759,TON-DAU-SAPO,2030-12-31,22,15499.9867
PVN1760,TON-DAU-SAPO,2030-12-31,11,31000
PVN1758,TON-DAU-SAPO,2030-12-31,5,173761.118
PVN1757,TON-DAU-SAPO,2030-12-31,15,21000
PVN1756,TON-DAU-SAPO,2030-12-31,11,102702.0868
PVN1750,TON-DAU-SAPO,2030-12-31,26,8999.9995
PVN1751,TON-DAU-SAPO,2030-12-31,2.6,90000
PVN1749,TON-DAU-SAPO,2030-12-31,3,57474.9913
PVN1747,TON-DAU-SAPO,2030-12-31,140,2416.0449
PVN1748,TON-DAU-SAPO,2030-12-31,4.6667,72000
PVN1746,TON-DAU-SAPO,2030-12-31,11,8600
PVN1744,TON-DAU-SAPO,2030-12-31,10,13356.726
PVN1745,TON-DAU-SAPO,2030-12-31,1,121000
PVN1742,TON-DAU-SAPO,2030-12-31,35,16060.303
PVN1743,TON-DAU-SAPO,2030-12-31,3.5,160650
PVN1739,TON-DAU-SAPO,2030-12-31,21,14983.8769
PVN1737,TON-DAU-SAPO,2030-12-31,34,7199.9286
PVN1738,TON-DAU-SAPO,2030-12-31,3.4,72000
PVN1735,TON-DAU-SAPO,2030-12-31,15,8000
PVN1736,TON-DAU-SAPO,2030-12-31,1.5,80000
PVN1731,TON-DAU-SAPO,2030-12-31,9,14473.3241
PVN1729,TON-DAU-SAPO,2030-12-31,23,7283.3322
PVN1730,TON-DAU-SAPO,2030-12-31,2.3,73000
PVN1728,TON-DAU-SAPO,2030-12-31,19,7795.043
PVN1726,TON-DAU-SAPO,2030-12-31,210,2132.3549
PVN1727,TON-DAU-SAPO,2030-12-31,2.1,212000
PVN1725,TON-DAU-SAPO,2030-12-31,9,30000
PVN1723,TON-DAU-SAPO,2030-12-31,13,6011.3184
PVN1724,TON-DAU-SAPO,2030-12-31,1.3,62000
PVN1718,TON-DAU-SAPO,2030-12-31,4,9200
PVN1719,TON-DAU-SAPO,2030-12-31,0.4,92000
PVN1716,TON-DAU-SAPO,2030-12-31,20,11199.9849
PVN1717,TON-DAU-SAPO,2030-12-31,2,126000
PVN1714,TON-DAU-SAPO,2030-12-31,16,3407.4191
PVN1715,TON-DAU-SAPO,2030-12-31,1.6,50000
PVN1712,TON-DAU-SAPO,2030-12-31,57,5343.9085
PVN1713,TON-DAU-SAPO,2030-12-31,5.7,53550
PVN1704,TON-DAU-SAPO,2030-12-31,58,717.9472
PVN1705,TON-DAU-SAPO,2030-12-31,1.9333,19000
PVN1703,TON-DAU-SAPO,2030-12-31,4,32000
PVN1697,TON-DAU-SAPO,2030-12-31,50,13739.976
PVN1698,TON-DAU-SAPO,2030-12-31,2.5,280000
PVN1695,TON-DAU-SAPO,2030-12-31,6,5000
PVN1696,TON-DAU-SAPO,2030-12-31,0.6,50000
PVN1693,TON-DAU-SAPO,2030-12-31,69,9910.1774
PVN1694,TON-DAU-SAPO,2030-12-31,3.45,210000
PVN1691,TON-DAU-SAPO,2030-12-31,22,5800
PVN1692,TON-DAU-SAPO,2030-12-31,2.2,100000
PVN1689,TON-DAU-SAPO,2030-12-31,25,7874.9834
PVN1690,TON-DAU-SAPO,2030-12-31,2.5,63000
PVN1685,TON-DAU-SAPO,2030-12-31,16,8526.3158
PVN1686,TON-DAU-SAPO,2030-12-31,1.6,72000
PVN1681,TON-DAU-SAPO,2030-12-31,6,30000
PVN1682,TON-DAU-SAPO,2030-12-31,1.2,150000
PVN1679,TON-DAU-SAPO,2030-12-31,16,7633.332
PVN1680,TON-DAU-SAPO,2030-12-31,4,32000
PVN1675,TON-DAU-SAPO,2030-12-31,100,17305.5569
PVN2144,TON-DAU-SAPO,2030-12-31,10,188000
PVN1673,TON-DAU-SAPO,2030-12-31,6,10900
PVN1674,TON-DAU-SAPO,2030-12-31,0.6,109000
PVN1671,TON-DAU-SAPO,2030-12-31,4,104000
PVN1672,TON-DAU-SAPO,2030-12-31,1.3333,305000
PVN1666,TON-DAU-SAPO,2030-12-31,3,8000
PVN1660,TON-DAU-SAPO,2030-12-31,12,6426
PVN1661,TON-DAU-SAPO,2030-12-31,4,19278
PVN1658,TON-DAU-SAPO,2030-12-31,29,9987.7329
PVN1659,TON-DAU-SAPO,2030-12-31,2.9,99200
PVN1651,TON-DAU-SAPO,2030-12-31,10,7800
PVN1652,TON-DAU-SAPO,2030-12-31,1,78000
PVN1647,TON-DAU-SAPO,2030-12-31,1,29748.051
PVN1648,TON-DAU-SAPO,2030-12-31,0.3333,90000
PVN1645,TON-DAU-SAPO,2030-12-31,12,7333.4004
PVN1646,TON-DAU-SAPO,2030-12-31,2.4,36667
PVN1644,TON-DAU-SAPO,2030-12-31,0.5,34000
PVN1636,TON-DAU-SAPO,2030-12-31,2,19936.204
PVN1637,TON-DAU-SAPO,2030-12-31,1,34100
PVN1635,TON-DAU-SAPO,2030-12-31,9.5,33040
PVN1632,TON-DAU-SAPO,2030-12-31,19,16520
PVN2409,TON-DAU-SAPO,2030-12-31,9.5,33000
PVN1630,TON-DAU-SAPO,2030-12-31,2,10155.265
PVN1631,TON-DAU-SAPO,2030-12-31,1,23000
PVN1628,TON-DAU-SAPO,2030-12-31,18,39499.9964
PVN1629,TON-DAU-SAPO,2030-12-31,1.8,395000
PVN1624,TON-DAU-SAPO,2030-12-31,6,50000
PVN1625,TON-DAU-SAPO,2030-12-31,3,100000
PVN1622,TON-DAU-SAPO,2030-12-31,20,11000.6617
PVN1623,TON-DAU-SAPO,2030-12-31,5,42500
PVN1620,TON-DAU-SAPO,2030-12-31,27,2617.3884
PVN1621,TON-DAU-SAPO,2030-12-31,2.7,24000
PVN1617,TON-DAU-SAPO,2030-12-31,9,7276.0058
PVN1618,TON-DAU-SAPO,2030-12-31,3,22000
PVN1615,TON-DAU-SAPO,2030-12-31,161,3163.3663
PVN1616,TON-DAU-SAPO,2030-12-31,16.1,32000
PVN1610,TON-DAU-SAPO,2030-12-31,5,31667
PVN1609,TON-DAU-SAPO,2030-12-31,1,225000
PVN1608,TON-DAU-SAPO,2030-12-31,3,203900
PVN1607,TON-DAU-SAPO,2030-12-31,12,21000
PVN1605,TON-DAU-SAPO,2030-12-31,10,13873.0037
PVN1606,TON-DAU-SAPO,2030-12-31,5,28091
PVN1598,TON-DAU-SAPO,2030-12-31,42,5540
PVN1599,TON-DAU-SAPO,2030-12-31,2.625,150400
PVN1596,TON-DAU-SAPO,2030-12-31,2,145000
PVN1597,TON-DAU-SAPO,2030-12-31,1,290000
PVN1594,TON-DAU-SAPO,2030-12-31,88,6473
PVN1595,TON-DAU-SAPO,2030-12-31,2.9333,210000
PVN1592,TON-DAU-SAPO,2030-12-31,13,16200
PVN1593,TON-DAU-SAPO,2030-12-31,2.6,81000
PVN1588,TON-DAU-SAPO,2030-12-31,6,60000
PVN1589,TON-DAU-SAPO,2030-12-31,3,120000
PVN1586,TON-DAU-SAPO,2030-12-31,4,157500
PVN1587,TON-DAU-SAPO,2030-12-31,2,315000
PVN1584,TON-DAU-SAPO,2030-12-31,9,20954.5454
PVN1585,TON-DAU-SAPO,2030-12-31,4.5,42000
PVN1582,TON-DAU-SAPO,2030-12-31,6,164000
PVN1583,TON-DAU-SAPO,2030-12-31,3,328000
PVN1580,TON-DAU-SAPO,2030-12-31,1,25333.3298
PVN1581,TON-DAU-SAPO,2030-12-31,0.2,130000
PVN1578,TON-DAU-SAPO,2030-12-31,4,19000
PVN1579,TON-DAU-SAPO,2030-12-31,2,38000
PVN1574,TON-DAU-SAPO,2030-12-31,5,97982.8508
PVN1575,TON-DAU-SAPO,2030-12-31,2.5,196000
PVN1570,TON-DAU-SAPO,2030-12-31,7,20890.9086
PVN1571,TON-DAU-SAPO,2030-12-31,3.5,41000
PVN1568,TON-DAU-SAPO,2030-12-31,10,98400
PVN1569,TON-DAU-SAPO,2030-12-31,5,200000
PVN1566,TON-DAU-SAPO,2030-12-31,28,24303.8749
PVN1567,TON-DAU-SAPO,2030-12-31,1,700000
PVN1560,TON-DAU-SAPO,2030-12-31,8,12499.9816
PVN1561,TON-DAU-SAPO,2030-12-31,2,50000
PVN1558,TON-DAU-SAPO,2030-12-31,4,22000
PVN1559,TON-DAU-SAPO,2030-12-31,1,88000
PVN1556,TON-DAU-SAPO,2030-12-31,21,15956.6921
PVN1554,TON-DAU-SAPO,2030-12-31,2,70955.46
PVN1552,TON-DAU-SAPO,2030-12-31,24,12000
PVN1553,TON-DAU-SAPO,2030-12-31,2.4,96000
PVN1550,TON-DAU-SAPO,2030-12-31,10,39699.2268
PVN1551,TON-DAU-SAPO,2030-12-31,2.5,180000
PVN1547,TON-DAU-SAPO,2030-12-31,16,7797.2422
PVN1548,TON-DAU-SAPO,2030-12-31,1.6,78000
PVN1545,TON-DAU-SAPO,2030-12-31,2,33181.565
PVN1543,TON-DAU-SAPO,2030-12-31,21,9199.9948
PVN1544,TON-DAU-SAPO,2030-12-31,4.2,46000
PVN1540,TON-DAU-SAPO,2030-12-31,14,20000
PVN1541,TON-DAU-SAPO,2030-12-31,7,40000
PVN1537,TON-DAU-SAPO,2030-12-31,1,10000
PVN1538,TON-DAU-SAPO,2030-12-31,0.3333,90000
PVN1536,TON-DAU-SAPO,2030-12-31,7,25199.9941
PVN1531,TON-DAU-SAPO,2030-12-31,47,7393.6032
PVN1532,TON-DAU-SAPO,2030-12-31,15.6667,22000
PVN1525,TON-DAU-SAPO,2030-12-31,9,23500
PVN1526,TON-DAU-SAPO,2030-12-31,0.9,235000
PVN1524,TON-DAU-SAPO,2030-12-31,28,14394.683
PVN1522,TON-DAU-SAPO,2030-12-31,26.2,22370.7598
PVN1523,TON-DAU-SAPO,2030-12-31,2.62,232000
PVN1521,TON-DAU-SAPO,2030-12-31,2,30000
PVN1516,TON-DAU-SAPO,2030-12-31,1340,338.8364
PVN1517,TON-DAU-SAPO,2030-12-31,134,2900
PVN2189,TON-DAU-SAPO,2030-12-31,13.4,30000
PVN1513,TON-DAU-SAPO,2030-12-31,4,37000
PVN1514,TON-DAU-SAPO,2030-12-31,0.4,400000
PVN1511,TON-DAU-SAPO,2030-12-31,26,20000
PVN1512,TON-DAU-SAPO,2030-12-31,2.6,350000
PVN1508,TON-DAU-SAPO,2030-12-31,8,20000
PVN1506,TON-DAU-SAPO,2030-12-31,120,6250
PVN1507,TON-DAU-SAPO,2030-12-31,5,150000
PVN1504,TON-DAU-SAPO,2030-12-31,192,850
PVN1505,TON-DAU-SAPO,2030-12-31,8,17000
PVN1502,TON-DAU-SAPO,2030-12-31,20,3500
PVN1503,TON-DAU-SAPO,2030-12-31,1,89000
PVN1500,TON-DAU-SAPO,2030-12-31,4,2424.5432
PVN1501,TON-DAU-SAPO,2030-12-31,0.1143,86940
PVN1498,TON-DAU-SAPO,2030-12-31,209,4603.845
PVN1499,TON-DAU-SAPO,2030-12-31,10.45,92077
PVN1497,TON-DAU-SAPO,2030-12-31,32,5312.7004
PVN1490,TON-DAU-SAPO,2030-12-31,110,7359.399
PVN1491,TON-DAU-SAPO,2030-12-31,5.5,148200
PVN1488,TON-DAU-SAPO,2030-12-31,29,8959
PVN1489,TON-DAU-SAPO,2030-12-31,1.2083,215016
PVN1483,TON-DAU-SAPO,2030-12-31,45,4400
PVN1484,TON-DAU-SAPO,2030-12-31,1.5,132000
PVN1482,TON-DAU-SAPO,2030-12-31,28,15270.5498
PVN1480,TON-DAU-SAPO,2030-12-31,4,7100.84
PVN1481,TON-DAU-SAPO,2030-12-31,0.2,140000
PVN1475,TON-DAU-SAPO,2030-12-31,93,7703.9276
PVN1476,TON-DAU-SAPO,2030-12-31,4.65,155000
PVN1472,TON-DAU-SAPO,2030-12-31,15,35000
PVN1473,TON-DAU-SAPO,2030-12-31,5,105000
PVN1471,TON-DAU-SAPO,2030-12-31,29,24586.691
PVN1469,TON-DAU-SAPO,2030-12-31,4,13999.9976
PVN1470,TON-DAU-SAPO,2030-12-31,0.4,140000
PVN1467,TON-DAU-SAPO,2030-12-31,7,29166.658
PVN1468,TON-DAU-SAPO,2030-12-31,1.1667,175000
PVN1465,TON-DAU-SAPO,2030-12-31,77,2330.1174
PVN1466,TON-DAU-SAPO,2030-12-31,7.7,23000
PVN1463,TON-DAU-SAPO,2030-12-31,8,43333.3331
PVN1464,TON-DAU-SAPO,2030-12-31,2.6667,130000
PVN1459,TON-DAU-SAPO,2030-12-31,5,34761.9068
PVN1460,TON-DAU-SAPO,2030-12-31,1.6667,107000
PVN1455,TON-DAU-SAPO,2030-12-31,79,3497.4946
PVN1456,TON-DAU-SAPO,2030-12-31,7.9,35000
PVN1446,TON-DAU-SAPO,2030-12-31,5,17342.916
PVN1445,TON-DAU-SAPO,2030-12-31,8,46264.8349
PVN1444,TON-DAU-SAPO,2030-12-31,14,27553.5714
PVN1443,TON-DAU-SAPO,2030-12-31,26,17997.5725
PVN1440,TON-DAU-SAPO,2030-12-31,5,25500
PVN1441,TON-DAU-SAPO,2030-12-31,0.5,255000
PVN1439,TON-DAU-SAPO,2030-12-31,8,5540.1839
PVN1434,TON-DAU-SAPO,2030-12-31,5,49714
PVN1433,TON-DAU-SAPO,2030-12-31,6,24000
PVN1426,TON-DAU-SAPO,2030-12-31,27,6698.8298
PVN1427,TON-DAU-SAPO,2030-12-31,9,20000
PVN1423,TON-DAU-SAPO,2030-12-31,29,58750
PVN1424,TON-DAU-SAPO,2030-12-31,7.25,235000
PVN1416,TON-DAU-SAPO,2030-12-31,20,26959.581
PVN1417,TON-DAU-SAPO,2030-12-31,4,153600
PVN1415,TON-DAU-SAPO,2030-12-31,4,17657.144
PVN1413,TON-DAU-SAPO,2030-12-31,48,7495.0528
PVN1414,TON-DAU-SAPO,2030-12-31,16,23000
PVN1411,TON-DAU-SAPO,2030-12-31,31,7269.2238
PVN1412,TON-DAU-SAPO,2030-12-31,1.24,182000
PVN1409,TON-DAU-SAPO,2030-12-31,12,20889
PVN1410,TON-DAU-SAPO,2030-12-31,4,60000
PVN1406,TON-DAU-SAPO,2030-12-31,1,11000
PVN1400,TON-DAU-SAPO,2030-12-31,9,10127.4463
PVN1401,TON-DAU-SAPO,2030-12-31,3,32000
PVN1398,TON-DAU-SAPO,2030-12-31,30,7333.3333
PVN1399,TON-DAU-SAPO,2030-12-31,10,22000
PVN1397,TON-DAU-SAPO,2030-12-31,2,15000
PVN1393,TON-DAU-SAPO,2030-12-31,5,46358.6658
PVN1394,TON-DAU-SAPO,2030-12-31,1.6667,139076
PVN1392,TON-DAU-SAPO,2030-12-31,2,150300
PVN1390,TON-DAU-SAPO,2030-12-31,228,968.5468
PVN1391,TON-DAU-SAPO,2030-12-31,2.28,98000
PVN1388,TON-DAU-SAPO,2030-12-31,4,89666.6663
PVN1389,TON-DAU-SAPO,2030-12-31,2,188000
PVN1387,TON-DAU-SAPO,2030-12-31,12,64778.3939
PVN1384,TON-DAU-SAPO,2030-12-31,10,6500
PVN1385,TON-DAU-SAPO,2030-12-31,5,12000
PVN1383,TON-DAU-SAPO,2030-12-31,1,9000
PVN1382,TON-DAU-SAPO,2030-12-31,3,23312.358
PVN1379,TON-DAU-SAPO,2030-12-31,7,89444.2367
PVN1378,TON-DAU-SAPO,2030-12-31,33,21612.9095
PVN1377,TON-DAU-SAPO,2030-12-31,3,101000
PVN1376,TON-DAU-SAPO,2030-12-31,3,157500
PVN1374,TON-DAU-SAPO,2030-12-31,14,12699.9986
PVN1375,TON-DAU-SAPO,2030-12-31,7,25400
PVN1372,TON-DAU-SAPO,2030-12-31,26,3163.9337
PVN1373,TON-DAU-SAPO,2030-12-31,2.6,30000
PVN1370,TON-DAU-SAPO,2030-12-31,1,50000
PVN1365,TON-DAU-SAPO,2030-12-31,1,105000
PVN1363,TON-DAU-SAPO,2030-12-31,7,29587.7179
PVN1364,TON-DAU-SAPO,2030-12-31,2.3333,90000
PVN1360,TON-DAU-SAPO,2030-12-31,25,29176.5873
PVN1361,TON-DAU-SAPO,2030-12-31,8.3333,88000
PVN1358,TON-DAU-SAPO,2030-12-31,9,120000
PVN1359,TON-DAU-SAPO,2030-12-31,3,360000
PVN1355,TON-DAU-SAPO,2030-12-31,5,120000
PVN1356,TON-DAU-SAPO,2030-12-31,1.6667,360000
PVN1353,TON-DAU-SAPO,2030-12-31,5,127200
PVN1354,TON-DAU-SAPO,2030-12-31,2.5,256000
PVN1350,TON-DAU-SAPO,2030-12-31,5,16780.9522
PVN1351,TON-DAU-SAPO,2030-12-31,1.6667,51000
PVN1349,TON-DAU-SAPO,2030-12-31,14,350000
PVN1347,TON-DAU-SAPO,2030-12-31,24,4597.7667
PVN1348,TON-DAU-SAPO,2030-12-31,8,15640
PVN1342,TON-DAU-SAPO,2030-12-31,3.33,266719.8079
PVN1338,TON-DAU-SAPO,2030-12-31,51,17978.3481
PVN1337,TON-DAU-SAPO,2030-12-31,5,249840
PVN1335,TON-DAU-SAPO,2030-12-31,6,78092.3077
PVN1334,TON-DAU-SAPO,2030-12-31,5,204570
PVN1332,TON-DAU-SAPO,2030-12-31,3,246199.9973
PVN1331,TON-DAU-SAPO,2030-12-31,31,17986.4601
PVN1329,TON-DAU-SAPO,2030-12-31,4,10999.9796
PVN1330,TON-DAU-SAPO,2030-12-31,0.16,260000
PVN1327,TON-DAU-SAPO,2030-12-31,2,45000
PVN1322,TON-DAU-SAPO,2030-12-31,175,4482.1617
PVN1323,TON-DAU-SAPO,2030-12-31,3.5,235000
PVN1320,TON-DAU-SAPO,2030-12-31,3,47999.9671
PVN1314,TON-DAU-SAPO,2030-12-31,2,131666.6666
PVN1313,TON-DAU-SAPO,2030-12-31,6,35589.2853
PVN1305,TON-DAU-SAPO,2030-12-31,22,13458.7822
PVN1306,TON-DAU-SAPO,2030-12-31,11,27000
PVN1303,TON-DAU-SAPO,2030-12-31,8,4500
PVN1297,TON-DAU-SAPO,2030-12-31,18,19013.5828
PVN1298,TON-DAU-SAPO,2030-12-31,9,38000
PVN1296,TON-DAU-SAPO,2030-12-31,2,125000
PVN1294,TON-DAU-SAPO,2030-12-31,4,70891.2045
PVN1295,TON-DAU-SAPO,2030-12-31,2,142000
PVN1292,TON-DAU-SAPO,2030-12-31,16,23101.4623
PVN1293,TON-DAU-SAPO,2030-12-31,8,46400
PVN1291,TON-DAU-SAPO,2030-12-31,8,20030.8103
PVN1284,TON-DAU-SAPO,2030-12-31,10,45000
PVN1283,TON-DAU-SAPO,2030-12-31,1,90000
PVN1281,TON-DAU-SAPO,2030-12-31,41,4800.9122
PVN1282,TON-DAU-SAPO,2030-12-31,6.8333,30000
PVN1276,TON-DAU-SAPO,2030-12-31,10,8951.4733
PVN1277,TON-DAU-SAPO,2030-12-31,5,40000
PVN1273,TON-DAU-SAPO,2030-12-31,19,19999.9957
PVN1274,TON-DAU-SAPO,2030-12-31,9.5,40000
PVN1271,TON-DAU-SAPO,2030-12-31,3,88333.3331
PVN1269,TON-DAU-SAPO,2030-12-31,43,20797.2968
PVN1267,TON-DAU-SAPO,2030-12-31,3,152499.9767
PVN1268,TON-DAU-SAPO,2030-12-31,1.5,305000
PVN1266,TON-DAU-SAPO,2030-12-31,2,25000
PVN1261,TON-DAU-SAPO,2030-12-31,10,4992.6002
PVN1262,TON-DAU-SAPO,2030-12-31,1.6667,30000
PVN1260,TON-DAU-SAPO,2030-12-31,11,26042.0725
PVN1259,TON-DAU-SAPO,2030-12-31,20,2581.8309
PVN1256,TON-DAU-SAPO,2030-12-31,17,28005.0648
PVN1252,TON-DAU-SAPO,2030-12-31,6,157380.9517
PVN1248,TON-DAU-SAPO,2030-12-31,2,780000
PVN1247,TON-DAU-SAPO,2030-12-31,11,14807.7064
PVN1244,TON-DAU-SAPO,2030-12-31,33,5810.7829
PVN1245,TON-DAU-SAPO,2030-12-31,1.32,175000
PVN1239,TON-DAU-SAPO,2030-12-31,73,1049.8807
PVN1240,TON-DAU-SAPO,2030-12-31,0.73,105000
PVN1237,TON-DAU-SAPO,2030-12-31,3,30000
PVN1235,TON-DAU-SAPO,2030-12-31,6,1882.2379
PVN2580,TON-DAU-SAPO,2030-12-31,0.12,90000
PVN1234,TON-DAU-SAPO,2030-12-31,5,39133.5932
PVN1233,TON-DAU-SAPO,2030-12-31,3,58000
PVN1231,TON-DAU-SAPO,2030-12-31,15,761.2912
PVN1232,TON-DAU-SAPO,2030-12-31,0.15,77000
PVN1229,TON-DAU-SAPO,2030-12-31,55,739.0091
PVN1230,TON-DAU-SAPO,2030-12-31,0.55,74000
PVN1228,TON-DAU-SAPO,2030-12-31,7,67285.7123
PVN1226,TON-DAU-SAPO,2030-12-31,9,45583.579
PVN1224,TON-DAU-SAPO,2030-12-31,4,6000
PVN1225,TON-DAU-SAPO,2030-12-31,0.4,57000
PVN1222,TON-DAU-SAPO,2030-12-31,90,340
PVN1223,TON-DAU-SAPO,2030-12-31,0.9,34000
PVN1221,TON-DAU-SAPO,2030-12-31,2,65000
PVN1219,TON-DAU-SAPO,2030-12-31,68,2253.6919
PVN1220,TON-DAU-SAPO,2030-12-31,0.68,300000
PVN1218,TON-DAU-SAPO,2030-12-31,1,27600
PVN1217,TON-DAU-SAPO,2030-12-31,3,9000
PVN1215,TON-DAU-SAPO,2030-12-31,7,45136.3059
PVN1216,TON-DAU-SAPO,2030-12-31,0.7,451500
PVN1213,TON-DAU-SAPO,2030-12-31,78,2074.1194
PVN1214,TON-DAU-SAPO,2030-12-31,0.78,300000
PVN1211,TON-DAU-SAPO,2030-12-31,40,15000
PVN1212,TON-DAU-SAPO,2030-12-31,4,150000
PVN1209,TON-DAU-SAPO,2030-12-31,11,6000
PVN1210,TON-DAU-SAPO,2030-12-31,0.22,300000
PVN1207,TON-DAU-SAPO,2030-12-31,10,1489.6304
PVN1208,TON-DAU-SAPO,2030-12-31,1,15000
PVN1205,TON-DAU-SAPO,2030-12-31,91,1915.3438
PVN1206,TON-DAU-SAPO,2030-12-31,0.91,300000
PVN1203,TON-DAU-SAPO,2030-12-31,37,3000
PVN1204,TON-DAU-SAPO,2030-12-31,0.74,150000
PVN1199,TON-DAU-SAPO,2030-12-31,7,8404.8552
PVN1200,TON-DAU-SAPO,2030-12-31,0.7,100000
PVN1198,TON-DAU-SAPO,2030-12-31,3,143261.364
PVN1195,TON-DAU-SAPO,2030-12-31,3,110000
PVN1194,TON-DAU-SAPO,2030-12-31,5,90000
PVN1193,TON-DAU-SAPO,2030-12-31,2,25666.666
PVN1190,TON-DAU-SAPO,2030-12-31,13,10000
PVN1191,TON-DAU-SAPO,2030-12-31,1.0833,115000
PVN1186,TON-DAU-SAPO,2030-12-31,29,18109.1226
PVN1187,TON-DAU-SAPO,2030-12-31,2.4167,216000
PVN1184,TON-DAU-SAPO,2030-12-31,3,77333.3333
PVN1185,TON-DAU-SAPO,2030-12-31,1,232000
PVN1182,TON-DAU-SAPO,2030-12-31,6,15000
PVN1181,TON-DAU-SAPO,2030-12-31,47,7302.7465
PVN1180,TON-DAU-SAPO,2030-12-31,6,85440.9087
PVN1179,TON-DAU-SAPO,2030-12-31,6,51319.0473
PVN1178,TON-DAU-SAPO,2030-12-31,16,18000
PVN1176,TON-DAU-SAPO,2030-12-31,15,43333.3333
PVN1177,TON-DAU-SAPO,2030-12-31,2.5,260000
PVN1175,TON-DAU-SAPO,2030-12-31,2,187000
PVN1173,TON-DAU-SAPO,2030-12-31,25,15884.2084
PVN1171,TON-DAU-SAPO,2030-12-31,4,27000
PVN1169,TON-DAU-SAPO,2030-12-31,2,114399.9985
PVN1165,TON-DAU-SAPO,2030-12-31,10,22970.2696
PVN1166,TON-DAU-SAPO,2030-12-31,5,47000
PVN1164,TON-DAU-SAPO,2030-12-31,6,37931.8175
PVN1159,TON-DAU-SAPO,2030-12-31,5,40500
PVN1154,TON-DAU-SAPO,2030-12-31,10,5330.2023
PVN1155,TON-DAU-SAPO,2030-12-31,1.6667,36800
PVN1151,TON-DAU-SAPO,2030-12-31,24,4999.9978
PVN1152,TON-DAU-SAPO,2030-12-31,4,30000
PVN1147,TON-DAU-SAPO,2030-12-31,5,114999.9889
PVN1168,TON-DAU-SAPO,2030-12-31,2.5,230000
PVN1142,TON-DAU-SAPO,2030-12-31,28,5300
PVN1143,TON-DAU-SAPO,2030-12-31,2.8,200000
PVN1141,TON-DAU-SAPO,2030-12-31,27,19399.9979
PVN1138,TON-DAU-SAPO,2030-12-31,22,5214.2841
PVN1139,TON-DAU-SAPO,2030-12-31,2.2,49000
PVN1132,TON-DAU-SAPO,2030-12-31,2,70245.012
PVN1129,TON-DAU-SAPO,2030-12-31,1,90000
PVN1128,TON-DAU-SAPO,2030-12-31,10,60000
PVN1126,TON-DAU-SAPO,2030-12-31,11,57714.2857
PVN1125,TON-DAU-SAPO,2030-12-31,1,215119.565
PVN1124,TON-DAU-SAPO,2030-12-31,7,35999.9998
PVN1122,TON-DAU-SAPO,2030-12-31,1,8982.472
PVN1119,TON-DAU-SAPO,2030-12-31,1,96500
PVN1115,TON-DAU-SAPO,2030-12-31,1,268308.35
PVN1114,TON-DAU-SAPO,2030-12-31,6,53234.5245
PVN1113,TON-DAU-SAPO,2030-12-31,7,53287.9056
PVN1112,TON-DAU-SAPO,2030-12-31,4,123000
PVN1105,TON-DAU-SAPO,2030-12-31,2,63333.333
PVN1103,TON-DAU-SAPO,2030-12-31,1,105000
PVN1101,TON-DAU-SAPO,2030-12-31,9,44500
PVN1100,TON-DAU-SAPO,2030-12-31,1,21000
PVN1098,TON-DAU-SAPO,2030-12-31,4,19500
PVN1096,TON-DAU-SAPO,2030-12-31,1,572568.65
PVN1095,TON-DAU-SAPO,2030-12-31,2,463593.853
PVN1094,TON-DAU-SAPO,2030-12-31,19,17165.751
PVN1090,TON-DAU-SAPO,2030-12-31,4,88787.471
PVN1089,TON-DAU-SAPO,2030-12-31,2,170000
PVN1084,TON-DAU-SAPO,2030-12-31,35,17642.5776
PVN1083,TON-DAU-SAPO,2030-12-31,0.67,88333.3284
PVN1081,TON-DAU-SAPO,2030-12-31,1,135000
PVN1080,TON-DAU-SAPO,2030-12-31,2,195000
PVN1078,TON-DAU-SAPO,2030-12-31,3,52114.2847
PVN1992,TON-DAU-SAPO,2030-12-31,1,160000
PVN1076,TON-DAU-SAPO,2030-12-31,4,37182.0518
PVN1075,TON-DAU-SAPO,2030-12-31,2,141727.9401
PVN1073,TON-DAU-SAPO,2030-12-31,1,210000
PVN1071,TON-DAU-SAPO,2030-12-31,31,4210.25
PVN1069,TON-DAU-SAPO,2030-12-31,17,88398.3693
PVN1067,TON-DAU-SAPO,2030-12-31,8,9737.5554
PVN1066,TON-DAU-SAPO,2030-12-31,5,60072.916
PVN1062,TON-DAU-SAPO,2030-12-31,1,32149.92
PVN1059,TON-DAU-SAPO,2030-12-31,30,26134.9741
PVN1057,TON-DAU-SAPO,2030-12-31,10,21000
PVN1055,TON-DAU-SAPO,2030-12-31,14,19142.8559
PVN1054,TON-DAU-SAPO,2030-12-31,5,24000
PVN1053,TON-DAU-SAPO,2030-12-31,18,17711.996
PVN1051,TON-DAU-SAPO,2030-12-31,1,210000
PVN1049,TON-DAU-SAPO,2030-12-31,1,135286.485
PVN1048,TON-DAU-SAPO,2030-12-31,26,15713.5558
PVN1047,TON-DAU-SAPO,2030-12-31,9,25714
PVN1046,TON-DAU-SAPO,2030-12-31,12,16999.9951
PVN1044,TON-DAU-SAPO,2030-12-31,12,36869.5645
PVN1041,TON-DAU-SAPO,2030-12-31,9,45138.8881
PVN1040,TON-DAU-SAPO,2030-12-31,3,49474.038
PVN1039,TON-DAU-SAPO,2030-12-31,4,47000
PVN1037,TON-DAU-SAPO,2030-12-31,12,18749.9998
PVN3073,TON-DAU-SAPO,2030-12-31,3,75000
PVN1036,TON-DAU-SAPO,2030-12-31,3,83000
PVN1034,TON-DAU-SAPO,2030-12-31,11,54011.5731
PVN1033,TON-DAU-SAPO,2030-12-31,4,97159.1823
PVN1031,TON-DAU-SAPO,2030-12-31,11,51839.998
PVN1028,TON-DAU-SAPO,2030-12-31,3,15792.209
PVN1027,TON-DAU-SAPO,2030-12-31,5,24715
PVN1025,TON-DAU-SAPO,2030-12-31,13,12461.5384
PVN1023,TON-DAU-SAPO,2030-12-31,1,13499.98
PVN1019,TON-DAU-SAPO,2030-12-31,10,8000
PVN1018,TON-DAU-SAPO,2030-12-31,8,35000
PVN1017,TON-DAU-SAPO,2030-12-31,23,5600
PVN1015,TON-DAU-SAPO,2030-12-31,1,40828.4502
PVN1014,TON-DAU-SAPO,2030-12-31,1,109000
PVN1013,TON-DAU-SAPO,2030-12-31,4,112800
PVN1012,TON-DAU-SAPO,2030-12-31,18,45582.917
PVN1011,TON-DAU-SAPO,2030-12-31,8,54700.7635
PVN1010,TON-DAU-SAPO,2030-12-31,1,35000
PVN1009,TON-DAU-SAPO,2030-12-31,1,67333.332
PVN1008,TON-DAU-SAPO,2030-12-31,2,83587.407
PVN1007,TON-DAU-SAPO,2030-12-31,2,62000
PVN1004,TON-DAU-SAPO,2030-12-31,2,40000
PVN1003,TON-DAU-SAPO,2030-12-31,46,16824.4588
PVN2252,TON-DAU-SAPO,2030-12-31,15.3333,58909
PVN1002,TON-DAU-SAPO,2030-12-31,1,93000
PVN1000,TON-DAU-SAPO,2030-12-31,5,86000
PVN998,TON-DAU-SAPO,2030-12-31,2,54000
PVN997,TON-DAU-SAPO,2030-12-31,10,13916.667
PVN993,TON-DAU-SAPO,2030-12-31,19,8000
PVN994,TON-DAU-SAPO,2030-12-31,0.95,160000
PVN988,TON-DAU-SAPO,2030-12-31,10,10000.5687
PVN989,TON-DAU-SAPO,2030-12-31,3.3333,30000
PVN985,TON-DAU-SAPO,2030-12-31,2,81000
PVN982,TON-DAU-SAPO,2030-12-31,5,6600
PVN983,TON-DAU-SAPO,2030-12-31,0.5,66000
PVN981,TON-DAU-SAPO,2030-12-31,5,46499.9984
PVN979,TON-DAU-SAPO,2030-12-31,15,33794.1176
PVN980,TON-DAU-SAPO,2030-12-31,1.5,230000
PVN975,TON-DAU-SAPO,2030-12-31,9,11250.0749
PVN976,TON-DAU-SAPO,2030-12-31,3,35417
PVN973,TON-DAU-SAPO,2030-12-31,20,16000
PVN974,TON-DAU-SAPO,2030-12-31,4,80000
PVN972,TON-DAU-SAPO,2030-12-31,7,41999.9957
PVN970,TON-DAU-SAPO,2030-12-31,40,5000
PVN971,TON-DAU-SAPO,2030-12-31,0.8,250000
PVN969,TON-DAU-SAPO,2030-12-31,4,76999.991
PVN966,TON-DAU-SAPO,2030-12-31,10,65538.4614
PVN965,TON-DAU-SAPO,2030-12-31,3,69333.3297
PVN962,TON-DAU-SAPO,2030-12-31,22,7923.0768
PVN963,TON-DAU-SAPO,2030-12-31,2.2,82000
PVN957,TON-DAU-SAPO,2030-12-31,26,12400
PVN958,TON-DAU-SAPO,2030-12-31,5.2,62000
PVN951,TON-DAU-SAPO,2030-12-31,9,59273.2416
PVN948,TON-DAU-SAPO,2030-12-31,10,2310
PVN949,TON-DAU-SAPO,2030-12-31,1,50000
PVN938,TON-DAU-SAPO,2030-12-31,12,21981.1484
PVN937,TON-DAU-SAPO,2030-12-31,4,34375
PVN934,TON-DAU-SAPO,2030-12-31,7,18200
PVN933,TON-DAU-SAPO,2030-12-31,6,23016.9405
PVN932,TON-DAU-SAPO,2030-12-31,3,3250.1951
PVN931,TON-DAU-SAPO,2030-12-31,8,41089.6205
PVN930,TON-DAU-SAPO,2030-12-31,8,31250
PVN926,TON-DAU-SAPO,2030-12-31,4,27983.0701
PVN924,TON-DAU-SAPO,2030-12-31,1,98650
PVN923,TON-DAU-SAPO,2030-12-31,1,29374.289
PVN922,TON-DAU-SAPO,2030-12-31,16,21504.6357
PVN921,TON-DAU-SAPO,2030-12-31,1,200000
PVN919,TON-DAU-SAPO,2030-12-31,9,16500
PVN915,TON-DAU-SAPO,2030-12-31,10,15000
PVN916,TON-DAU-SAPO,2030-12-31,5,30000
PVN914,TON-DAU-SAPO,2030-12-31,4,109110
PVN913,TON-DAU-SAPO,2030-12-31,5,86400
PVN912,TON-DAU-SAPO,2030-12-31,3,58875
PVN911,TON-DAU-SAPO,2030-12-31,6,35499.9938
PVN907,TON-DAU-SAPO,2030-12-31,11,110664.3423
PVN906,TON-DAU-SAPO,2030-12-31,6,167167.689
PVN903,TON-DAU-SAPO,2030-12-31,177,9605.2815
PVN901,TON-DAU-SAPO,2030-12-31,54,1770.6516
PVN902,TON-DAU-SAPO,2030-12-31,1.08,100000
PVN896,TON-DAU-SAPO,2030-12-31,9,31000
PVN897,TON-DAU-SAPO,2030-12-31,3,93000
PVN893,TON-DAU-SAPO,2030-12-31,8,13119.7445
PVN892,TON-DAU-SAPO,2030-12-31,8,4999.999
PVN891,TON-DAU-SAPO,2030-12-31,5,111763.6276
PVN890,TON-DAU-SAPO,2030-12-31,5,11785.9904
PVN885,TON-DAU-SAPO,2030-12-31,8,47453.7078
PVN881,TON-DAU-SAPO,2030-12-31,1,617500
PVN879,TON-DAU-SAPO,2030-12-31,1,159600
PVN877,TON-DAU-SAPO,2030-12-31,8,45000
PVN878,TON-DAU-SAPO,2030-12-31,2.6667,135000
PVN876,TON-DAU-SAPO,2030-12-31,3,300000
PVN872,TON-DAU-SAPO,2030-12-31,20,34324.6488
PVN873,TON-DAU-SAPO,2030-12-31,6.6667,103000
PVN871,TON-DAU-SAPO,2030-12-31,2,87500
PVN864,TON-DAU-SAPO,2030-12-31,13,36974.3546
PVN865,TON-DAU-SAPO,2030-12-31,4.3333,110000
PVN859,TON-DAU-SAPO,2030-12-31,19,71216.9182
PVN860,TON-DAU-SAPO,2030-12-31,4.75,288000
PVN854,TON-DAU-SAPO,2030-12-31,48,10730.6409
PVN855,TON-DAU-SAPO,2030-12-31,4,142400
PVN851,TON-DAU-SAPO,2030-12-31,95,12554.286
PVN852,TON-DAU-SAPO,2030-12-31,19,65000
PVN853,TON-DAU-SAPO,2030-12-31,3.1667,390000
PVN849,TON-DAU-SAPO,2030-12-31,32,6705.4733
PVN850,TON-DAU-SAPO,2030-12-31,1.6,132000
PVN846,TON-DAU-SAPO,2030-12-31,95,7725.714
PVN847,TON-DAU-SAPO,2030-12-31,19,40000
PVN848,TON-DAU-SAPO,2030-12-31,3.1667,240000
PVN842,TON-DAU-SAPO,2030-12-31,20,22334
PVN843,TON-DAU-SAPO,2030-12-31,3.3333,180000
PVN834,TON-DAU-SAPO,2030-12-31,10,25000
PVN835,TON-DAU-SAPO,2030-12-31,2,125000
PVN833,TON-DAU-SAPO,2030-12-31,3,7274.5048
PVN831,TON-DAU-SAPO,2030-12-31,2,31894.98
PVN832,TON-DAU-SAPO,2030-12-31,0.6667,101250
PVN829,TON-DAU-SAPO,2030-12-31,15,15698.8783
PVN822,TON-DAU-SAPO,2030-12-31,3,35666.6652
PVN823,TON-DAU-SAPO,2030-12-31,1,107000
PVN820,TON-DAU-SAPO,2030-12-31,38,2400
PVN821,TON-DAU-SAPO,2030-12-31,3.8,24000
PVN812,TON-DAU-SAPO,2030-12-31,36,59501.6471
PVN813,TON-DAU-SAPO,2030-12-31,3.6,600000
PVN807,TON-DAU-SAPO,2030-12-31,2,23000
PVN803,TON-DAU-SAPO,2030-12-31,9,16383.847
PVN804,TON-DAU-SAPO,2030-12-31,1.8,82500
PVN796,TON-DAU-SAPO,2030-12-31,6,9476.3
PVN797,TON-DAU-SAPO,2030-12-31,0.6,94763
PVN795,TON-DAU-SAPO,2030-12-31,1,118357.141
PVN794,TON-DAU-SAPO,2030-12-31,3,48237.353
PVN791,TON-DAU-SAPO,2030-12-31,2,65000
PVN789,TON-DAU-SAPO,2030-12-31,12,8499.9897
PVN790,TON-DAU-SAPO,2030-12-31,2.4,42500
PVN788,TON-DAU-SAPO,2030-12-31,7,53758.9268
PVN786,TON-DAU-SAPO,2030-12-31,1,40500
PVN784,TON-DAU-SAPO,2030-12-31,3,51000
PVN782,TON-DAU-SAPO,2030-12-31,1,175000
PVN781,TON-DAU-SAPO,2030-12-31,4,16669.565
PVN773,TON-DAU-SAPO,2030-12-31,18,85526.3158
PVN772,TON-DAU-SAPO,2030-12-31,1,450000
PVN770,TON-DAU-SAPO,2030-12-31,13,103769.2288
PVN771,TON-DAU-SAPO,2030-12-31,6.5,178000
PVN765,TON-DAU-SAPO,2030-12-31,2,19999.9896
PVN761,TON-DAU-SAPO,2030-12-31,20,9600
PVN756,TON-DAU-SAPO,2030-12-31,2,31111.1042
PVN753,TON-DAU-SAPO,2030-12-31,9,50461.5382
PVN750,TON-DAU-SAPO,2030-12-31,1,150000
PVN747,TON-DAU-SAPO,2030-12-31,10,7799.9926
PVN743,TON-DAU-SAPO,2030-12-31,14,7663.7911
PVN741,TON-DAU-SAPO,2030-12-31,6,21000
PVN740,TON-DAU-SAPO,2030-12-31,1,19000
PVN739,TON-DAU-SAPO,2030-12-31,14,5785.714
PVN726,TON-DAU-SAPO,2030-12-31,2,470000
PVN722,TON-DAU-SAPO,2030-12-31,2,67625
PVN723,TON-DAU-SAPO,2030-12-31,0.5,265000
PVN720,TON-DAU-SAPO,2030-12-31,11,35750
PVN721,TON-DAU-SAPO,2030-12-31,5.5,71500
PVN719,TON-DAU-SAPO,2030-12-31,2,47375
PVN717,TON-DAU-SAPO,2030-12-31,5,15149.32
PVN716,TON-DAU-SAPO,2030-12-31,1,80000
PVN711,TON-DAU-SAPO,2030-12-31,3,52450.903
PVN710,TON-DAU-SAPO,2030-12-31,1,239300
PVN709,TON-DAU-SAPO,2030-12-31,9,22887.669
PVN707,TON-DAU-SAPO,2030-12-31,5,24565.6671
PVN705,TON-DAU-SAPO,2030-12-31,5,14000
PVN704,TON-DAU-SAPO,2030-12-31,2,233099.999
PVN699,TON-DAU-SAPO,2030-12-31,11,27666.6662
PVN698,TON-DAU-SAPO,2030-12-31,1,700000
PVN697,TON-DAU-SAPO,2030-12-31,6,21166.6636
PVN695,TON-DAU-SAPO,2030-12-31,5,13999.993
PVN693,TON-DAU-SAPO,2030-12-31,4,3628.3413
PVN692,TON-DAU-SAPO,2030-12-31,14,13500
PVN691,TON-DAU-SAPO,2030-12-31,20,21983.2643
PVN685,TON-DAU-SAPO,2030-12-31,4,84365.0783
PVN680,TON-DAU-SAPO,2030-12-31,151,563.4959
PVN681,TON-DAU-SAPO,2030-12-31,15.1,3900
PVN676,TON-DAU-SAPO,2030-12-31,4,67680.5175
PVN673,TON-DAU-SAPO,2030-12-31,3,33000
PVN672,TON-DAU-SAPO,2030-12-31,2,50000
PVN664,TON-DAU-SAPO,2030-12-31,2,45000
PVN662,TON-DAU-SAPO,2030-12-31,28,2341.1753
PVN663,TON-DAU-SAPO,2030-12-31,14,20000
PVN657,TON-DAU-SAPO,2030-12-31,2,52000
PVN652,TON-DAU-SAPO,2030-12-31,15,50382.556
PVN647,TON-DAU-SAPO,2030-12-31,2,183000
PVN642,TON-DAU-SAPO,2030-12-31,59,4499.9996
PVN643,TON-DAU-SAPO,2030-12-31,5.9,50000
PVN633,TON-DAU-SAPO,2030-12-31,5,8032.059
PVN634,TON-DAU-SAPO,2030-12-31,2.5,16065
PVN632,TON-DAU-SAPO,2030-12-31,2,45000
PVN631,TON-DAU-SAPO,2030-12-31,2,170000
PVN629,TON-DAU-SAPO,2030-12-31,53,2401.6337
PVN630,TON-DAU-SAPO,2030-12-31,10.6,12000
PVN621,TON-DAU-SAPO,2030-12-31,40,2345.7494
PVN622,TON-DAU-SAPO,2030-12-31,2,48000
PVN620,TON-DAU-SAPO,2030-12-31,9,10192.3057
PVN617,TON-DAU-SAPO,2030-12-31,2,70400
PVN615,TON-DAU-SAPO,2030-12-31,9,19983.6022
PVN616,TON-DAU-SAPO,2030-12-31,3,64400
PVN608,TON-DAU-SAPO,2030-12-31,18,11286
PVN609,TON-DAU-SAPO,2030-12-31,6,31500
PVN602,TON-DAU-SAPO,2030-12-31,5,821.168
PVN603,TON-DAU-SAPO,2030-12-31,0.125,35300
PVN596,TON-DAU-SAPO,2030-12-31,11,35000
PVN594,TON-DAU-SAPO,2030-12-31,1,28000
PVN587,TON-DAU-SAPO,2030-12-31,124,4478.1038
PVN588,TON-DAU-SAPO,2030-12-31,12.4,42000
PVN570,TON-DAU-SAPO,2030-12-31,123,7459.8835
PVN571,TON-DAU-SAPO,2030-12-31,5.125,183600
PVN568,TON-DAU-SAPO,2030-12-31,3,156938.2707
PVN567,TON-DAU-SAPO,2030-12-31,26,11743
PVN559,TON-DAU-SAPO,2030-12-31,6,21001.256
PVN555,TON-DAU-SAPO,2030-12-31,10,11600
PVN2743,TON-DAU-SAPO,2030-12-31,0.5,80000
PVN554,TON-DAU-SAPO,2030-12-31,5,21999.8126
PVN550,TON-DAU-SAPO,2030-12-31,11,22000
PVN546,TON-DAU-SAPO,2030-12-31,1,112000
PVN544,TON-DAU-SAPO,2030-12-31,1,143142.857
PVN541,TON-DAU-SAPO,2030-12-31,4,24510.519
PVN537,TON-DAU-SAPO,2030-12-31,3,136339.4713
PVN536,TON-DAU-SAPO,2030-12-31,8,19230.769
PVN533,TON-DAU-SAPO,2030-12-31,8,17968.2203
PVN519,TON-DAU-SAPO,2030-12-31,36,6999.9998
PVN520,TON-DAU-SAPO,2030-12-31,1.5,168000
PVN516,TON-DAU-SAPO,2030-12-31,94,4436.875
PVN514,TON-DAU-SAPO,2030-12-31,34,1062.9975
PVN515,TON-DAU-SAPO,2030-12-31,1.4167,22680
PVN512,TON-DAU-SAPO,2030-12-31,65,2849.81
PVN513,TON-DAU-SAPO,2030-12-31,6.5,30000
PVN508,TON-DAU-SAPO,2030-12-31,130,5470.2378
PVN509,TON-DAU-SAPO,2030-12-31,5.4167,132000
PVN504,TON-DAU-SAPO,2030-12-31,63,2304.9349
PVN505,TON-DAU-SAPO,2030-12-31,2.625,60000
PVN499,TON-DAU-SAPO,2030-12-31,1,630000
PVN493,TON-DAU-SAPO,2030-12-31,85,12090.6142
PVN494,TON-DAU-SAPO,2030-12-31,7.0833,145000
PVN491,TON-DAU-SAPO,2030-12-31,88,17484.5582
PVN492,TON-DAU-SAPO,2030-12-31,7.3333,210000
PVN488,TON-DAU-SAPO,2030-12-31,3,122888.8887
PVN485,TON-DAU-SAPO,2030-12-31,81,15334
PVN481,TON-DAU-SAPO,2030-12-31,2,340000
PVN479,TON-DAU-SAPO,2030-12-31,2,98000
PVN478,TON-DAU-SAPO,2030-12-31,1,375000
PVN461,TON-DAU-SAPO,2030-12-31,2,9032.699
PVN462,TON-DAU-SAPO,2030-12-31,0.2,90327
PVN450,TON-DAU-SAPO,2030-12-31,12,19280
PVN451,TON-DAU-SAPO,2030-12-31,4,57840
PVN444,TON-DAU-SAPO,2030-12-31,13,20402.6745
PVN445,TON-DAU-SAPO,2030-12-31,4.3333,62000
PVN438,TON-DAU-SAPO,2030-12-31,13,31667
PVN439,TON-DAU-SAPO,2030-12-31,4.3333,100000
PVN432,TON-DAU-SAPO,2030-12-31,5,189949.9999
PVN433,TON-DAU-SAPO,2030-12-31,2.5,380000
PVN427,TON-DAU-SAPO,2030-12-31,30,3402
PVN428,TON-DAU-SAPO,2030-12-31,1.25,120000
PVN423,TON-DAU-SAPO,2030-12-31,41,3500
PVN424,TON-DAU-SAPO,2030-12-31,6.8333,24000
PVN419,TON-DAU-SAPO,2030-12-31,51,6195
PVN413,TON-DAU-SAPO,2030-12-31,8,29499.9973
PVN414,TON-DAU-SAPO,2030-12-31,4,59000
PVN409,TON-DAU-SAPO,2030-12-31,1,92833.3302
PVN408,TON-DAU-SAPO,2030-12-31,2,120812.31
PVN406,TON-DAU-SAPO,2030-12-31,10,139999.9976
PVN407,TON-DAU-SAPO,2030-12-31,5,280000
PVN405,TON-DAU-SAPO,2030-12-31,2,128000
PVN401,TON-DAU-SAPO,2030-12-31,5,11400
PVN402,TON-DAU-SAPO,2030-12-31,2.5,50000
PVN399,TON-DAU-SAPO,2030-12-31,6,100000
PVN398,TON-DAU-SAPO,2030-12-31,4,78961.098
PVN397,TON-DAU-SAPO,2030-12-31,1,220000
PVN396,TON-DAU-SAPO,2030-12-31,1,96500
PVN393,TON-DAU-SAPO,2030-12-31,8,24451.0516
PVN2444,TON-DAU-SAPO,2030-12-31,2.6667,76800
PVN390,TON-DAU-SAPO,2030-12-31,1,810000
PVN384,TON-DAU-SAPO,2030-12-31,26,7400
PVN385,TON-DAU-SAPO,2030-12-31,2.6,74000
PVN380,TON-DAU-SAPO,2030-12-31,125,2567.7421
PVN381,TON-DAU-SAPO,2030-12-31,4.1667,77000
PVN378,TON-DAU-SAPO,2030-12-31,1,130000
PVN377,TON-DAU-SAPO,2030-12-31,5,62428.5708
PVN376,TON-DAU-SAPO,2030-12-31,50,16665.8445
PVN1989,TON-DAU-SAPO,2030-12-31,12.5,66700
PVN373,TON-DAU-SAPO,2030-12-31,1,35000
PVN371,TON-DAU-SAPO,2030-12-31,15,4872.8114
PVN372,TON-DAU-SAPO,2030-12-31,0.75,97200
PVN365,TON-DAU-SAPO,2030-12-31,116,1887.501
PVN366,TON-DAU-SAPO,2030-12-31,3.8667,59820
PVN358,TON-DAU-SAPO,2030-12-31,343,2779.994
PVN359,TON-DAU-SAPO,2030-12-31,11.4333,83000
PVN356,TON-DAU-SAPO,2030-12-31,1,92000
PVN347,TON-DAU-SAPO,2030-12-31,1,314576.09
PVN337,TON-DAU-SAPO,2030-12-31,30,3200
PVN338,TON-DAU-SAPO,2030-12-31,3,32000
PVN330,TON-DAU-SAPO,2030-12-31,1,62428.56
PVN326,TON-DAU-SAPO,2030-12-31,1,25000
PVN320,TON-DAU-SAPO,2030-12-31,13,7083
PVN318,TON-DAU-SAPO,2030-12-31,19,7042.6377
PVN319,TON-DAU-SAPO,2030-12-31,1.9,95000
PVN314,TON-DAU-SAPO,2030-12-31,4,5947.2995
PVN315,TON-DAU-SAPO,2030-12-31,2,11200
PVN308,TON-DAU-SAPO,2030-12-31,3,19999.99
PVN309,TON-DAU-SAPO,2030-12-31,1.5,40000
PVN302,TON-DAU-SAPO,2030-12-31,7,31857.1428
PVN299,TON-DAU-SAPO,2030-12-31,4,118000
PVN298,TON-DAU-SAPO,2030-12-31,12,80292.1667
PVN295,TON-DAU-SAPO,2030-12-31,1,28214.2164
PVN296,TON-DAU-SAPO,2030-12-31,0.5,55000
PVN294,TON-DAU-SAPO,2030-12-31,8,83927.273
PVN288,TON-DAU-SAPO,2030-12-31,8,19999.9985
PVN286,TON-DAU-SAPO,2030-12-31,20,6494.3866
PVN287,TON-DAU-SAPO,2030-12-31,2,62000
PVN284,TON-DAU-SAPO,2030-12-31,35,2266.6656
PVN285,TON-DAU-SAPO,2030-12-31,1.1667,68000
PVN282,TON-DAU-SAPO,2030-12-31,5,25469.1082
PVN278,TON-DAU-SAPO,2030-12-31,19,7600
PVN279,TON-DAU-SAPO,2030-12-31,1.9,72000
PVN277,TON-DAU-SAPO,2030-12-31,10,38000
PVN273,TON-DAU-SAPO,2030-12-31,9,15360.7128
PVN265,TON-DAU-SAPO,2030-12-31,8,32650.7935
PVN10,TON-DAU-SAPO,2030-12-31,28,18998.7882